grant_sn,S_N,org_name_geojson,grantee_name_grantCSV,has_geometry,X,Y,WKT,Location_geojson,Type_of_Grant_geojson,Commodities_geojson,organization_type,municipality,district,province,direct_hh,total_hh,area_ha_org,grant_title,implementation_period,enterprise_commodity,main_category,subcategory,enterprise_classification,women_count_org,women_json,restoration_records_org,area_direct_total_org,area_contributed_total_org,people_benefited_total_org,restoration_json,loa_contracts_org,loa_total_NPR_org,loa_total_USD_org,dbg_contracts_org,dbg_total_NPR_org,dbg_total_USD_org,finance_contracts_org,finance_total_NPR_org,finance_total_USD_org,finance_sites_org,finance_json
7,7,Green Foundation Nepal / Shree Kalika Malika Kissan Jaluke CFUG,Green Foundation Nepal / Shree Kalika Malika Kissan Jaluke CFUG,True,85.3319140000000,27.6845510000000,POINT (85.3319141297342 27.6845512561989),"Baneshwor, Shantinagar gate, Babuchiring marg",LoA,Bamboo handicraft and grass handicraft of Tharu community,forest_sector,,,Lumbini,25.0,,,Demonstrate Multiple Use of Bamboo by Developing Bamboo Related Enterprise to Increase Income,December 2020- December 2021,Bamboo handicraft and grass handicraft of Tharu community,Forest-based,Bamboo,Forest-based,0,,0,,,,,0,,,0,,,0,,,,
24,24,Green Foundation Nepal (GFN),Green Foundation Nepal (GFN),True,85.3317750000000,27.683896000000,POINT (85.3317746524614 27.683895689914),"Babuchiring Marga, Kathmandu - 31, Shantinagar, Nepal",LoA,Bamboo handicraft and grass handicraft of Tharu community,,,,,,,,Strengthening forest farm-based enterprises through the integration and establishment of a feasible collective institutional model of forest-based enterprises,12 December 2022-12 December 2023,Bamboo handicraft and grass handicraft of Tharu community,Forest-based,Bamboo,Forest-based,0,,1,5.0,0,105.0,"[{""org_id"": 24, ""org_name"": ""Green Foundation Nepal  (Pakare agroforestry Entrepreneur Group)"", ""year_block"": ""2022 and 2023"", ""area_direct_ha"": 5.0, ""area_contributed_ha"": null, ""people_benefited"": 105.0}]",1,2519750.0,19019.2778000000,0,,,1,2519750.0,19019.2778000000,,"[{""org_id"": 24, ""org_name_raw"": ""GREEN FOUNDATION NEPAL (GFN)"", ""sheet"": ""LoA"", ""site_code"": """", ""service_start"": ""2022-12-12"", ""service_end"": ""2023-12-11"", ""cur"": ""NPR"", ""cur_value"": 2519750.0, ""usd_value"": 19019.2777995828}]"
51,51,Samudayak Udhami Mahila Krishi Krishak Samuha,Samudayak Udhami Mahila Krishi Krishak Samuha,True,84.1329660000000,27.6488140000000,POINT (84.1329661225596 27.6488137309962),"Kawasoti Municipality-02, Nawalparasi (Bardaghat Susta East), Gandaki Province, Nepal",LoA,Bamboo Shoots (Tama),farmers_group,Kawasoti Municipality-02,,Gandaki,51.0,51.0,1100.0,Boosting sustainable bamboo shoot enterprise through resilient agroforestry practices,26 November 2024 - 26 November 2025,Bamboo Shoots (Tama),Forest-based,Bamboo,Forest-based,51,"[{""org_id"": 51, ""producer_group"": ""Samudayik Udhami Mahila Krishi Krishak Samuha"", ""year_block"": ""2025"", ""women_count"": 51, ""product"": ""Fermented Bamboo (forest food)""}]",1,12.0,1100.0,25.0,"[{""org_id"": 51, ""org_name"": ""SAMUDAYAK UDHAMI MAHILA KRISHI KRISHAK SAMUHA"", ""year_block"": ""2025"", ""area_direct_ha"": 12.0, ""area_contributed_ha"": 1100.0, ""people_benefited"": 25.0}]",1,2973850.0,22029.9871840000,0,,,1,2973850.0,22029.9871840000,,"[{""org_id"": 51, ""org_name_raw"": ""SAMUDAYAK UDHAMI MAHILA KRISHI KRISHAK SAMUHA"", ""sheet"": ""LoA"", ""site_code"": """", ""service_start"": ""2024-11-26"", ""service_end"": ""2025-11-25"", ""cur"": ""NPR"", ""cur_value"": 2973850.0, ""usd_value"": 22029.9871843311}]"
66,33,Binayi Samudayik Ban Upobhokta Samu (BSBUS),Binayi Samudayik Ban Upobhokta Samu,True,83.8659760000000,27.5819630000000,POINT (83.8659763966365 27.5819630378295),"Binayi Triveni Rural Municipality-1, Dumkibas Nawalparasi, NepaL",LoA,Fertiliser,forest_sector,"Binayi Triveni Rural Municipality-1, Dumkibas",Nawalpur,Gandaki,20.0,,,"Strengthening Value Addition and Market Capacity of the Bio-Fertiliser Enterprise of Binayi Community Forest, Nawalpur.",October 2025 - July 2026,Fertiliser,Circular / green enterprises,Fertiliser,Forest-based,6216,"[{""org_id"": 33, ""producer_group"": ""Binayi Community Forest User Group"", ""year_block"": ""2019-2024"", ""women_count"": 20, ""product"": ""Forest Biomass- organic fertilizer""}, {""org_id"": 33, ""producer_group"": ""Binayi Community Forest User Group"", ""year_block"": ""2026"", ""women_count"": 6196, ""product"": ""Bio-fertilizer""}]",2,3.0,3.0,2228.0,"[{""org_id"": 33, ""org_name"": ""Binayi CFUGs"", ""year_block"": ""2024"", ""area_direct_ha"": 3.0, ""area_contributed_ha"": 3.0, ""people_benefited"": 20.0}, {""org_id"": 33, ""org_name"": ""Binayi Samudayik Ban Upobhokta Samu"", ""year_block"": ""2025"", ""area_direct_ha"": null, ""area_contributed_ha"": null, ""people_benefited"": 2208.0}]",1,2528580.0,18992.8868120000,1,4225700.0,29924.9344950000,2,6754280.0,48917.821306999998,NAWALPARASI LOA,"[{""org_id"": 33, ""org_name_raw"": ""BINAYI SAMUDAYIK BAN UPOBHOKTA SAMU"", ""sheet"": ""LoA"", ""site_code"": """", ""service_start"": ""2023-11-27"", ""service_end"": ""2024-11-26"", ""cur"": ""NPR"", ""cur_value"": 2528580.0, ""usd_value"": 18992.8868124346}, {""org_id"": 33, ""org_name_raw"": ""BINAYI SAMUDAYIK BAN UPOBHOKTA SAMU"", ""sheet"": ""DBG"", ""site_code"": ""NAWALPARASI LOA"", ""service_start"": ""2025-09-18"", ""service_end"": ""2026-06-30"", ""cur"": ""NPR"", ""cur_value"": 4225700.0, ""usd_value"": 29924.9344947239}]"
6,6,CDCAN (Central Dairy Cooperative Association Ltd. Nepal ),CDCAN (Central Dairy Cooperative Association Ltd. Nepal ),True,85.3405560000000,27.6893520000000,POINT (85.3405557101326 27.6893523799411),"Baneswor-31, Kathmandu",LoA,Dairy agroforestry (GMP),cooperative,Kathmandu Metropolitan City-31,,Bagmati,,600000.0,,Enhancing Production and Entrepreneurial Capacity of Dairy Farmers for Profitable and Sustainable Collective Dairy Enterprise,Feb 2020- March 2021,Dairy agroforestry (GMP),Livestock,Dairy,Integrated,0,,2,18.5567,5.0,1826.0,"[{""org_id"": 6, ""org_name"": ""Central Dairy Cooperative Association Ltd. Nepal"", ""year_block"": ""2022 and 2023"", ""area_direct_ha"": 3.3067, ""area_contributed_ha"": null, ""people_benefited"": 460.0}, {""org_id"": 6, ""org_name"": ""CDCAN"", ""year_block"": ""2024"", ""area_direct_ha"": 15.25, ""area_contributed_ha"": 5.0, ""people_benefited"": 1366.0}]",3,6024390.0,48965.2621920000,1,3408040.0,24049.0572430000,4,9432430.0,73014.3194340000,KATHMANDU (LOA),"[{""org_id"": 6, ""org_name_raw"": ""CENTRAL DAIRY COOPERATIVE ASSOCIATION LTD NEPAL (CDCAN)"", ""sheet"": ""LoA"", ""site_code"": """", ""service_start"": ""2020-02-02"", ""service_end"": ""2020-09-18"", ""cur"": ""NPR"", ""cur_value"": 1905000.0, ""usd_value"": 16710.5263157887}, {""org_id"": 6, ""org_name_raw"": ""CENTRAL DAIRY COOPERATIVE ASSOCIATION LTD NEPAL (CDCAN)"", ""sheet"": ""LoA"", ""site_code"": """", ""service_start"": ""2021-12-16"", ""service_end"": ""2023-02-28"", ""cur"": ""NPR"", ""cur_value"": 1632190.0, ""usd_value"": 13597.0509830058}, {""org_id"": 6, ""org_name_raw"": ""CENTRAL DAIRY COOPERATIVE ASSOCIATION LTD NEPAL (CDCAN)"", ""sheet"": ""LoA"", ""site_code"": """", ""service_start"": ""2023-12-11"", ""service_end"": ""2024-12-10"", ""cur"": ""NPR"", ""cur_value"": 2487200.0, ""usd_value"": 18657.6848927672}, {""org_id"": 6, ""org_name_raw"": ""CENTRAL DAIRY COOPERATIVE ASSOCIATION LTD NEPAL (CDCAN)"", ""sheet"": ""DBG"", ""site_code"": ""KATHMANDU (LOA)"", ""service_start"": ""2025-10-10"", ""service_end"": ""2026-06-30"", ""cur"": ""NPR"", ""cur_value"": 3408040.0, ""usd_value"": 24049.0572428599}]"
20,6,CDCAN (Central Dairy Cooperative Association Ltd. Nepal ),Central Dairy Cooperative Association Ltd Nepal,True,85.3405560000000,27.6893520000000,POINT (85.3405557101326 27.6893523799411),"Baneswor-31, Kathmandu",LoA,Dairy agroforestry (GMP),cooperative,Kathmandu Metropolitan City-31,,Bagmati,,600000.0,,Quality Milk Production and Economic Enrichment through Adoption of Silage  Technology,15 December 2021-15 November 2022,Dairy agroforestry (GMP) and promotion of silage technology,Livestock,Dairy,Integrated,0,,2,18.5567,5.0,1826.0,"[{""org_id"": 6, ""org_name"": ""Central Dairy Cooperative Association Ltd. Nepal"", ""year_block"": ""2022 and 2023"", ""area_direct_ha"": 3.3067, ""area_contributed_ha"": null, ""people_benefited"": 460.0}, {""org_id"": 6, ""org_name"": ""CDCAN"", ""year_block"": ""2024"", ""area_direct_ha"": 15.25, ""area_contributed_ha"": 5.0, ""people_benefited"": 1366.0}]",3,6024390.0,48965.2621920000,1,3408040.0,24049.0572430000,4,9432430.0,73014.3194340000,KATHMANDU (LOA),"[{""org_id"": 6, ""org_name_raw"": ""CENTRAL DAIRY COOPERATIVE ASSOCIATION LTD NEPAL (CDCAN)"", ""sheet"": ""LoA"", ""site_code"": """", ""service_start"": ""2020-02-02"", ""service_end"": ""2020-09-18"", ""cur"": ""NPR"", ""cur_value"": 1905000.0, ""usd_value"": 16710.5263157887}, {""org_id"": 6, ""org_name_raw"": ""CENTRAL DAIRY COOPERATIVE ASSOCIATION LTD NEPAL (CDCAN)"", ""sheet"": ""LoA"", ""site_code"": """", ""service_start"": ""2021-12-16"", ""service_end"": ""2023-02-28"", ""cur"": ""NPR"", ""cur_value"": 1632190.0, ""usd_value"": 13597.0509830058}, {""org_id"": 6, ""org_name_raw"": ""CENTRAL DAIRY COOPERATIVE ASSOCIATION LTD NEPAL (CDCAN)"", ""sheet"": ""LoA"", ""site_code"": """", ""service_start"": ""2023-12-11"", ""service_end"": ""2024-12-10"", ""cur"": ""NPR"", ""cur_value"": 2487200.0, ""usd_value"": 18657.6848927672}, {""org_id"": 6, ""org_name_raw"": ""CENTRAL DAIRY COOPERATIVE ASSOCIATION LTD NEPAL (CDCAN)"", ""sheet"": ""DBG"", ""site_code"": ""KATHMANDU (LOA)"", ""service_start"": ""2025-10-10"", ""service_end"": ""2026-06-30"", ""cur"": ""NPR"", ""cur_value"": 3408040.0, ""usd_value"": 24049.0572428599}]"
37,67,Kendriya Dugda Sahakari Sangh LTD (Central Dairy Cooperative Association Nepal) (of Setidevi Cooperative and Deurali Dairy Cooperative),Central Dairy Cooperative Association Ltd Nepal (CDCAN) (Kendriya Dughda Sahakari Sangh Ltd),False,,,,"Setidevi Milk Producer Cooperative Ltd. -  Dhulikhel 2, Rabi, Kavre District, Bagmati Province, Nepal                        Deurali Dairy Cooperative - same as above location",DBG,Silage,,,,,,,,Increasing the resilience of dairy producers by employing climate-smart dairy production practices.,11 December 2023-10 December 2024,Climate smart dairy practices with dairy cooperative,Livestock,Dairy,Integrated,0,,1,0,0,1440.0,"[{""org_id"": 67, ""org_name"": ""Kendriya Dugda Sahakari Sangh LTD (Central Dairy Cooperative Association Nepal) (of Setidevi Cooperative and Deurali Dairy Cooperative)"", ""year_block"": ""2025"", ""area_direct_ha"": null, ""area_contributed_ha"": null, ""people_benefited"": 1440.0}]",0,,,0,,,0,,,,
50,50,Central Livestock Co Operative Fed. Ltd. Nepal (Federation of Central Livestock Fisheries Cooperative Ltd),Central Livestock Co Operative Fed. Ltd. Nepal (Federation of Central Livestock Fisheries Cooperative Ltd),True,86.0427640000000,26.8711970000000,POINT (86.0427638071407 26.8711974413828),Dhanushadham,LoA,Dairy,cooperative,Dhanushadham Municipality,Dhanusha,Madhesh,59.0,59.0,,Increasing the resilience of dairy producers by employing climate-smart dairy production practices,22 November 2024 - 22 November 2025,Dairy,Livestock,Dairy,Farm-based,0,,1,5.0,500.0,100.0,"[{""org_id"": 50, ""org_name"": ""CENTRAL LIVESTOCK CO OPERATIVE FED LTD NEPAL"", ""year_block"": ""2025"", ""area_direct_ha"": 5.0, ""area_contributed_ha"": 500.0, ""people_benefited"": 100.0}]",1,3246925.0,24052.8998230000,0,,,1,3246925.0,24052.8998230000,,"[{""org_id"": 50, ""org_name_raw"": ""CENTRAL LIVESTOCK CO OPERATIVE FED LTD NEPAL"", ""sheet"": ""LoA"", ""site_code"": """", ""service_start"": ""2024-11-22"", ""service_end"": ""2025-11-21"", ""cur"": ""NPR"", ""cur_value"": 3246925.0, ""usd_value"": 24052.8998229515}]"
55,55,Sana Kishan Krishi Sahakari Sastha,Sana Kishan Krishi Sahakari Sastha,True,85.5716050000000,27.0185960000000,POINT (85.5716045389516 27.0185959764831),"Haripur Municipality-2, Sarlahi, Madhesh Province, Nepal",DBG,Dairy Products,cooperative,Haripur Municipality-2,Sarlahi,Madhesh,142.0,1258.0,,Support smallholder farmers in resilient milk production through integration of silage technology,8 December 2024 - 8 December 2025,Dairy Products,Livestock,Dairy,Farm-based,123,"[{""org_id"": 55, ""producer_group"": ""Sana Kishan Krishi Sahakari Sanstha"", ""year_block"": ""2025"", ""women_count"": 123, ""product"": ""Value added dairy products""}]",1,10.0,300.0,142.0,"[{""org_id"": 55, ""org_name"": ""SANA KISHAN KRISHI SAHAKARI SASTHA"", ""year_block"": ""2025"", ""area_direct_ha"": 10.0, ""area_contributed_ha"": 300.0, ""people_benefited"": 142.0}]",0,,,1,6674630.0,49401.8163110000,1,6674630.0,49401.8163110000,SARLAHI (DBG),"[{""org_id"": 55, ""org_name_raw"": ""SANA KISHAN KRISHI SAHAKARI SASTHA"", ""sheet"": ""DBG"", ""site_code"": ""SARLAHI (DBG)"", ""service_start"": ""2024-12-08"", ""service_end"": ""2025-12-07"", ""cur"": ""NPR"", ""cur_value"": 6674630.0, ""usd_value"": 49401.8163112754}]"
60,60,Kunchhal Krishi Sahakari Sa. Ltd.,Kunchhal Krishi Sahakari Sa. Ltd.,False,,,,"Thaha Municipality-6, Bajrabarahi, Makwanpur, Bagmati",DBG,Dairy Products,cooperative,"Thaha Municipality-6, Bajrabarahi",Makwanpur,Bagmati,387.0,523.0,,Promotion of Fodder based Agroforestry and promotion of value-added dairy products through cheese production,17 December 2024 - 17 December 2025,Dairy Products,Livestock,Dairy,Integrated,0,,1,17.25,1161.0,115.0,"[{""org_id"": 60, ""org_name"": ""KUNCHHAL KRISHI SAHAKARI SA LTD"", ""year_block"": ""2025"", ""area_direct_ha"": 17.25, ""area_contributed_ha"": 1161.0, ""people_benefited"": 115.0}]",0,,,1,6371595.0,46944.5426820000,1,6371595.0,46944.5426820000,MAKWANPUR (DBG),"[{""org_id"": 60, ""org_name_raw"": ""KUNCHHAL KRISHI SAHAKARI SA LTD"", ""sheet"": ""DBG"", ""site_code"": ""MAKWANPUR (DBG)"", ""service_start"": ""2024-12-17"", ""service_end"": ""2026-03-31"", ""cur"": ""NPR"", ""cur_value"": 6371595.0, ""usd_value"": 46944.5426815771}]"
26,26,SAMUDAYIC BIKASH TATHA SACHETA - Community Development & Awareness Nepal (CDA)- Piple Pokhara,SAMUDAYIC BIKASH TATHA SACHETA - Community Development & Awareness Nepal (CDA)- Piple Pokhara,False,,,,"Hetauda-4, Bhairabroad, Makawanpur(CDA) Bhairabroad, Makawanpur",LoA,Wooden Handicraft,,,,,,,,Strengthen capacities of women handicraft produces for enhanced quality and quantity of wooden handicraft products,21 December 2022-21 December 2023,Wooden Handicraft,Forest-based,Handicraft,Forest-based,0,,0,,,,,1,2000000.0,15096.162555000,0,,,1,2000000.0,15096.162555000,,"[{""org_id"": 26, ""org_name_raw"": ""SAMUDAYIC BIKASH TATHA SACHETA"", ""sheet"": ""LoA"", ""site_code"": """", ""service_start"": ""2022-12-21"", ""service_end"": ""2023-12-20"", ""cur"": ""NPR"", ""cur_value"": 2000000.0, ""usd_value"": 15096.162555478}]"
49,49,KEMLIPUR C.F.U.G. MI.NA.PA.07 (Kemalipur CFUG),KEMLIPUR C.F.U.G. MI.NA.PA.07 (Kemalipur CFUG),True,85.9508920000000,26.9509040000000,POINT (85.9508919307112 26.9509044410911),"Mithila Municipality-7, Kemalipur, Dhanusha, Madhesh Province, Nepal",LoA,Ginger and Turmeric,forest_sector,"Mithila Municipality-7, Kemalipur",Dhanusha,Madhesh,30.0,239.0,198.2,"Enhancing the Ginger and Turmeric Value Chain through Scaled Production, Clustering, and Improved Processing",29 November 2024 - 29 November 2025,Ginger and Turmeric,Agriculture / agroforestry,Ginger,Integrated,30,"[{""org_id"": 49, ""producer_group"": ""Kemalipur Community Forest User Group"", ""year_block"": ""2025"", ""women_count"": 30, ""product"": ""Horticulture commodity processing.""}]",1,10.0,198.2,30.0,"[{""org_id"": 49, ""org_name"": ""KEMLIPUR CFUG MINAPA07"", ""year_block"": ""2025"", ""area_direct_ha"": 10.0, ""area_contributed_ha"": 198.2, ""people_benefited"": 30.0}]",1,3300750.0,24430.2748150000,0,,,1,3300750.0,24430.2748150000,,"[{""org_id"": 49, ""org_name_raw"": ""KEMLIPUR CFUG MINAPA07"", ""sheet"": ""LoA"", ""site_code"": """", ""service_start"": ""2024-11-29"", ""service_end"": ""2025-11-28"", ""cur"": ""NPR"", ""cur_value"": 3300750.0, ""usd_value"": 24430.2748151496}]"
65,65,Bhatighari Samudayik Ban Upabhokta Samua,Bhatighari Samudayik Ban Upabhokta Samua,False,,,,"Mithila Nagarpalika-4 Puspawalpur,Dhanusha",DBG,Turmeric,forest_sector,Mithila Municipality,Dhanusha,Madhesh,11.0,9745.0,112.0,Promoting Sustainable Agroforestry (Turmeric and Ginger) Production and Enterprises for Enhancing Forest-dependent Livelihoods in Dhanusha District.,October 2025 - July 2026,Agroforestry (Turmeric and Ginger) Production,Agriculture / agroforestry,Ginger,Integrated,0,,0,,,,,0,,,1,3884240.0,27409.3937000000,1,3884240.0,27409.3937000000,DHANUSHA (DBG),"[{""org_id"": 65, ""org_name_raw"": ""BHATIGHARI SAMUDAYIK BAN UPABHOKTA SAMUHA"", ""sheet"": ""DBG"", ""site_code"": ""DHANUSHA (DBG)"", ""service_start"": ""2025-10-10"", ""service_end"": ""2026-06-30"", ""cur"": ""NPR"", ""cur_value"": 3884240.0, ""usd_value"": 27409.3936998997}]"
28,28,SAMUDAYA BATAWARAN TATHA BAL BIKASH SANGH {Organization for Community Child and Environment Development (OCCED)},SAMUDAYA BATAWARAN TATHA BAL BIKASH SANGH {Organization for Community Child and Environment Development (OCCED)},False,,,,,LoA,Medicinal and Aromatic Plants,,,,,,,,Supporting forest dependent local communities in production and marketing of Medicinal and Aromatic Plants for income source diversification and livelihood resilience',28 December 2022-27 December 2023,Medicinal and Aromatic Plants,Forest-based,Herbal products,Forest-based,0,,0,,,,,1,2546250.0,19239.0515910000,0,,,1,2546250.0,19239.0515910000,,"[{""org_id"": 28, ""org_name_raw"": ""SAMUDAYA BATAWARAN TATHA BAL BIKASH SANGH"", ""sheet"": ""LoA"", ""site_code"": """", ""service_start"": ""2022-12-28"", ""service_end"": ""2023-12-27"", ""cur"": ""NPR"", ""cur_value"": 2546250.0, ""usd_value"": 19239.0515912599}]"
52,52,Aankur Aadarsha Samudayik Ban Upavo (Ankur Aadarsha CFUG),Aankur Aadarsha Samudayik Ban Upavo (Ankur Aadarsha CFUG),True,84.1329850000000,27.6493570000000,POINT (84.1329848534391 27.6493573966547),"Kawasoti Municipality-16, Danda Nawalparasi (Bardhghat Sustha East), Gandaki, Nepal",LoA,Medicinal and Essential Oil,forest_sector,"Kawasoti Municipality-16, Danda",Nawalparasi,Gandaki,44.0,779.0,344.84,Promotion of Production and Processing of Medicinal and Aromatic Plants for Sustainable Livelihood and Enterprise Growth,22 November 2024 - 22 November 2025,Medicinal and Essential Oil,Forest-based,Herbal products,Forest-based,0,,1,11.0,344.84,44.0,"[{""org_id"": 52, ""org_name"": ""AANKUR AADARSHA SAMUDAYIK BAN UPAVO"", ""year_block"": ""2025"", ""area_direct_ha"": 11.0, ""area_contributed_ha"": 344.84, ""people_benefited"": 44.0}]",1,3181375.0,23567.3118950000,0,,,1,3181375.0,23567.3118950000,,"[{""org_id"": 52, ""org_name_raw"": ""AANKUR AADARSHA SAMUDAYIK BAN UPABHOKTA SAMUHA"", ""sheet"": ""LoA"", ""site_code"": """", ""service_start"": ""2024-11-22"", ""service_end"": ""2025-11-21"", ""cur"": ""NPR"", ""cur_value"": 3181375.0, ""usd_value"": 23567.3118948674}]"
9,9,Mount Everest Forest Botanicals Alliance,Mount Everest Forest Botanicals Alliance,True,85.336468000000,27.7407930000000,POINT (85.336468360232 27.7407932042881),"Lamptangin Marg, Maharajgunj-3, Kathmandu, Nepal",LoA,Chiuri butter- with resotraiton in leasehold forestry group,,,,,,,,Community Based Enterprise and Value Chain Development,December 2020- December 2021,Chiuri butter- with resotraiton in leasehold forestry group,Forest-based,Non-timber forest products,Forest-based,0,,1,11.0,0,35.0,"[{""org_id"": 9, ""org_name"": ""Mount Everest Forest Botanicals Alliance"", ""year_block"": ""2022 and 2023"", ""area_direct_ha"": 11.0, ""area_contributed_ha"": null, ""people_benefited"": 35.0}]",0,,,0,,,0,,,,
22,22,Parbatphedi Srijana Yova Club,Parbatphedi Srijana Yova Club,True,80.4247400000000,29.5549110000000,POINT (80.4247404966873 29.5549105963467),"Dasrathchand Muicipality, Baidtai, Nepal",LoA,NTFP - lemon grass and mentha,,,,,,,,Promotion of essential oil production and processing enterprise of CFUG based on sustainable forest and farm management practices,21 December 2021-21 November 2022,NTFP - lemon grass and mentha,Forest-based,Non-timber forest products,Integrated,0,,0,,,,,1,1506708.0,12551.7160950000,0,,,1,1506708.0,12551.7160950000,,"[{""org_id"": 22, ""org_name_raw"": ""PARBATPHEDI SRIJANA YOVA CLUB"", ""sheet"": ""LoA"", ""site_code"": """", ""service_start"": ""2021-12-22"", ""service_end"": ""2023-02-28"", ""cur"": ""NPR"", ""cur_value"": 1506708.0, ""usd_value"": 12551.7160946352}]"
23,23,Women Rights and Resources Network,Women Rights and Resources Network,True,85.3317540000000,27.6838560000000,POINT (85.3317540101325 27.6838556886585),"Baneshwor, Kathmandu, Nepal",LoA,NTFP (essential oil and turmeric),,,,,,,,Strengthening women led ginger and turmeric based enterprises in community forestry and promotion of sustainable marketing,15 December 2021- 15 November 2022,NTFP (essential oil and turmeric),Forest-based,Non-timber forest products,Integrated,0,,0,,,,,1,1504695.0,12534.9466840000,0,,,1,1504695.0,12534.9466840000,,"[{""org_id"": 23, ""org_name_raw"": ""WOMEN RIGHTS AND RESOURCES NETWORK"", ""sheet"": ""LoA"", ""site_code"": """", ""service_start"": ""2021-12-27"", ""service_end"": ""2023-02-28"", ""cur"": ""NPR"", ""cur_value"": 1504695.0, ""usd_value"": 12534.9466844386}]"
25,25,Institute of Himalayan Risk Reduction (IHHR),Institute of Himalayan Risk Reduction (IHHR),True,85.3122620000000,27.6876850000000,POINT (85.3122618101326 27.6876845833218),"Lalitpur Metropolitan City, Ward No-1, Kupandol",LoA,"NTFP - harro, barro, lemon grass, amala",,,,,,,,"Community and ecosystem-based non-timber forest products (NTFPs) production, processing and marketing initiative",12 December 2022-12 December 2023,"NTFP - harro, barro, lemon grass, amala",Forest-based,Non-timber forest products,Forest-based,0,,0,,,,,1,2153750.0,16256.6800520000,0,,,1,2153750.0,16256.6800520000,,"[{""org_id"": 25, ""org_name_raw"": ""INSTITUTE OF HIMALAYAN RISK REDUCTION"", ""sheet"": ""LoA"", ""site_code"": """", ""service_start"": ""2022-12-12"", ""service_end"": ""2023-12-11"", ""cur"": ""NPR"", ""cur_value"": 2153750.0, ""usd_value"": 16256.6800519304}]"
29,29,NIWF (National Indigenous Women Forum),NIWF (National Indigenous Women Forum),True,85.3628290000000,27.6920090000000,POINT (85.3628287078818 27.6920091323372),"Ward no 32, Kathmandu Metropolitan City, Kathmandu, Nepal",LoA,NTFP - Chiuri Soap and fruit-based pickle,,,,,,,,Strengthening production and processing capacity and institutional development of Indigenous women producer groups for resilient livelihoods,12 December 2022- 12 December 2023,NTFP - Chiuri Soap and fruit based pickle,Forest-based,Non-timber forest products,Forest-based,25,"[{""org_id"": 29, ""producer_group"": ""National Indigenous Women Forum"", ""year_block"": ""2019-2024"", ""women_count"": 25, ""product"": ""Indigenous materials to produce candle""}]",0,,,,,1,2198000.0,16590.6826480000,0,,,1,2198000.0,16590.6826480000,,"[{""org_id"": 29, ""org_name_raw"": ""NATIONAL INDIGENOUS WOMEN FORUM (NIWF)"", ""sheet"": ""LoA"", ""site_code"": """", ""service_start"": ""2022-12-21"", ""service_end"": ""2023-12-20"", ""cur"": ""NPR"", ""cur_value"": 2198000.0, ""usd_value"": 16590.6826484703}]"
30,30,Sustainable Research and Development Center (SRDC),Sustainable Research and Development Center (SRDC),False,,,,"Kathmandu Metropolitan City-4, Maharajgunj, Kathmandu, Nepal",LoA,"NTFP -Harro, Barro, and Amala",,,,,,,,Promotion of production and processing of the non-timber forest products based on sustainable management practices,16 December 2022- 16 December 2023,"NTFP -Harro, Barro, and Amala",Forest-based,Non-timber forest products,Forest-based,0,,0,,,,,1,2285750.0,17253.0267810000,0,,,1,2285750.0,17253.0267810000,,"[{""org_id"": 30, ""org_name_raw"": ""SUSTAINABLE RESEARCH AND DEVELOPMENT CENTER - NEPAL"", ""sheet"": ""LoA"", ""site_code"": """", ""service_start"": ""2022-12-16"", ""service_end"": ""2023-12-11"", ""cur"": ""NPR"", ""cur_value"": 2285750.0, ""usd_value"": 17253.0267805919}]"
31,31,Phulabari Community Forestry Users Group (PUFUG),Phulabari Community Forestry Users Group (PUFUG),True,83.1282170000000,27.6958740000000,POINT (83.1282170678037 27.6958743665027),"Banganga Municipality-7, Motipur, Kapilvastu, Nepal",LoA,"NTFP - turmeric, moringa and other horticulture spp.",forest_sector,"Banganga Municipality-7, Motipur",Kapilvastu,Lumbini,30.0,,,Enhancing traditional agroforestry practices to demonstrate model agroforestry system in degraded land to improve livelihoods in the Phulabari community forest of Kapilvastu,27 November 2023-26 November 2024,"NTFP - turmeric, moringa and other horticulture spp.",Forest-based,Non-timber forest products,Integrated,0,,1,6.47,7.0,30.0,"[{""org_id"": 31, ""org_name"": ""Phulabari CFUGs"", ""year_block"": ""2024"", ""area_direct_ha"": 6.47, ""area_contributed_ha"": 7.0, ""people_benefited"": 30.0}]",1,2555560.0,19195.5413010000,0,,,1,2555560.0,19195.5413010000,,"[{""org_id"": 31, ""org_name_raw"": ""PHULABARI COMMUNITY FORESTRY USERS GROUP"", ""sheet"": ""LoA"", ""site_code"": """", ""service_start"": ""2023-11-27"", ""service_end"": ""2024-11-26"", ""cur"": ""NPR"", ""cur_value"": 2555560.0, ""usd_value"": 19195.5413008034}]"
59,59,Shree Korak Sana Kisan Krishi Sahakari Sanstha Ltd.,Shree Korak Sana Kisan Krishi Sahakari Sanstha Ltd.,True,84.644586000000,27.6011860000000,POINT (84.644586148537 27.6011864823574),"Rapti Municipality-2, Kirantar, Chitwan, Bagmati Province,",DBG,Chiuri (Butter),cooperative,"Rapti Municipality-2, Kirantar",Chitwan,Bagmati,142.0,142.0,,"Chiuri Plantation, Processing, Collection, and Production of Chiuri-based Butter, along with Value Chain Enhancement Activities",16 December 2024 - 16 December 2025,Chiuri (Butter),Forest-based,Non-timber forest products,Forest-based,0,,1,5.0,200.0,142.0,"[{""org_id"": 59, ""org_name"": ""SHREE KORAK SANA KISAN KRISHI SAHAKARI SANSTHA LTD"", ""year_block"": ""2025"", ""area_direct_ha"": 5.0, ""area_contributed_ha"": 200.0, ""people_benefited"": 142.0}]",0,,,1,4586767.0,33794.3135430000,1,4586767.0,33794.3135430000,CHITWAN (DBG),"[{""org_id"": 59, ""org_name_raw"": ""SHREE KORAK SANA KISAN KRISHI SAHAKARI SANSTHA LTD"", ""sheet"": ""DBG"", ""site_code"": ""CHITWAN (DBG)"", ""service_start"": ""2024-12-16"", ""service_end"": ""2025-12-15"", ""cur"": ""NPR"", ""cur_value"": 4586767.0, ""usd_value"": 33794.3135434612}]"
70,70,Jadibuti Samrakshyan Tatha Upayog Sahakari Sanstha LTD,Jadibuti Samrakshyan Tatha Upayog Sahakari Sanstha LTD,False,,,,"Tinau RM-3, Jhumsa, Palpa",DBG,NTFP (Cinnamon),cooperative,"Tinau Rural Municipality-3, Jhumsa",Palpa,Lumbini,180.0,12000.0,,"Strengthening NTFP Processing unit to empower Community Forestry based Cooperatives and User groups in Sustainable Collection, Consolidation, Value Addition and Market Linkages.",October 2025 - July 2026,NTFP,Forest-based,Non-timber forest products,Forest-based,0,,1,0,0,180.0,"[{""org_id"": 70, ""org_name"": ""Jadibuti Samrakshyan Tatha Upayog Sahakari Sanstha LTD"", ""year_block"": ""2025"", ""area_direct_ha"": null, ""area_contributed_ha"": null, ""people_benefited"": 180.0}]",0,,,1,4438360.0,31319.5777350000,1,4438360.0,31319.5777350000,PALPA (DBG),"[{""org_id"": 70, ""org_name_raw"": ""JADIBUTI SAMRAKSHYAN TATHA UPAYOG SAHAKARI SANSTHA LTD"", ""sheet"": ""DBG"", ""site_code"": ""PALPA (DBG)"", ""service_start"": ""2025-10-10"", ""service_end"": ""2026-06-30"", ""cur"": ""NPR"", ""cur_value"": 4438360.0, ""usd_value"": 31319.5777351263}]"
4,4,Ashmita Nepal,Ashmita Nepal,True,85.0339010000000,27.429166000000,POINT (85.0339013254682 27.429166330732),"Hetauda-4 School Road, Makwanpur",LoA,Sal leaf plate: Community Forest based enterprise,,,,,,,,Promotion of small scale forest based green enterprise operated by small holder women producer groups.,Feb 2020- October 2020,Sal leaf plate: Community forest based enterprise,Forest-based,Sal leaf plates,Forest-based,0,,0,,,,,2,3416956.0,29342.5951580000,0,,,2,3416956.0,29342.5951580000,,"[{""org_id"": 4, ""org_name_raw"": ""ASMITA NEPAL"", ""sheet"": ""LoA"", ""site_code"": """", ""service_start"": ""2020-02-01"", ""service_end"": ""2020-10-09"", ""cur"": ""NPR"", ""cur_value"": 1988000.0, ""usd_value"": 17438.5964912273}, {""org_id"": 4, ""org_name_raw"": ""ASMITA NEPAL"", ""sheet"": ""LoA"", ""site_code"": """", ""service_start"": ""2021-12-21"", ""service_end"": ""2023-02-28"", ""cur"": ""NPR"", ""cur_value"": 1428956.0, ""usd_value"": 11903.998667111}]"
18,4,Ashmita Nepal,Asmita Nepal,True,85.0339010000000,27.429166000000,POINT (85.0339013254682 27.429166330732),"Hetauda-4 School Road, Makwanpur",LoA,Sal leaf plate: Community Forest based enterprise,,,,,,,,"Scaling up of production, product diversification and value addition of  Duna Tapari and organic fertiliser produced by community forest based enterprise",21 December 2021- 30 November 2022,Sal leaf plate,Forest-based,Sal leaf plates,Forest-based,0,,0,,,,,2,3416956.0,29342.5951580000,0,,,2,3416956.0,29342.5951580000,,"[{""org_id"": 4, ""org_name_raw"": ""ASMITA NEPAL"", ""sheet"": ""LoA"", ""site_code"": """", ""service_start"": ""2020-02-01"", ""service_end"": ""2020-10-09"", ""cur"": ""NPR"", ""cur_value"": 1988000.0, ""usd_value"": 17438.5964912273}, {""org_id"": 4, ""org_name_raw"": ""ASMITA NEPAL"", ""sheet"": ""LoA"", ""site_code"": """", ""service_start"": ""2021-12-21"", ""service_end"": ""2023-02-28"", ""cur"": ""NPR"", ""cur_value"": 1428956.0, ""usd_value"": 11903.998667111}]"
72,72,Our Rajakot Multi-Purpose Cooperative Society Limited.,Our Rajakot Multi-Purpose Cooperative Society Limited.,False,,,,"Dangisharan Rural Municipality-2, Kalamkhola, Dang, Nepal",DBG,Dhakiya and Sal Leaf Plate,cooperative,"Dangisaran Rural Municipality-1,2, Kalamkhola",Dang,Lumbini,42.0,42.0,,Empowering Marginalized Communities through Sustainable Agroforestry Enterprises and Market Integration,October 2025 - July 2026,Handicraft (Sal leaf plate and Dhakiya),Forest-based,Sal leaf plates,Forest-based,23,"[{""org_id"": 72, ""producer_group"": ""Our Rajakot Multi-Purpose Cooperative Society Limited (Kanari Women Dhakiya Entrepreneur Firm)"", ""year_block"": ""2026"", ""women_count"": 13, ""product"": ""Dhakiya""}, {""org_id"": 72, ""producer_group"": ""Our Rajakot Multi-Purpose Cooperative Society Limited (Cooperative Dunatapari Entrepreneur Group)"", ""year_block"": ""2026"", ""women_count"": 10, ""product"": ""Sal Leaf Plate""}]",2,10.26,100.0,67.0,"[{""org_id"": 72, ""org_name"": ""Our Rajakot Multipurpose Cooperative"", ""year_block"": ""2024"", ""area_direct_ha"": 10.26, ""area_contributed_ha"": 100.0, ""people_benefited"": 39.0}, {""org_id"": 72, ""org_name"": ""Our Rajakot Multi-Purpose Cooperative Society Limited."", ""year_block"": ""2025"", ""area_direct_ha"": null, ""area_contributed_ha"": null, ""people_benefited"": 28.0}]",0,,,2,6128925.0,44713.7942690000,2,6128925.0,44713.7942690000,DANG (DBG),"[{""org_id"": 72, ""org_name_raw"": ""OUR RAJAKOT MULTI-PURPOSE COOPERATIVE SOCIETY LIMITED"", ""sheet"": ""DBG"", ""site_code"": ""DANG (DBG)"", ""service_start"": ""2023-12-28"", ""service_end"": ""2024-12-27"", ""cur"": ""NPR"", ""cur_value"": 2937500.0, ""usd_value"": 22113.2348180893}, {""org_id"": 72, ""org_name_raw"": ""OUR RAJAKOT MULTI-PURPOSE COOPERATIVE SOCIETY LIMITED"", ""sheet"": ""DBG"", ""site_code"": ""DANG (DBG)"", ""service_start"": ""2025-09-18"", ""service_end"": ""2026-06-30"", ""cur"": ""NPR"", ""cur_value"": 3191425.0, ""usd_value"": 22600.5594504636}]"
67,67,Kendriya Dugda Sahakari Sangh LTD (Central Dairy Cooperative Association Nepal) (of Setidevi Cooperative and Deurali Dairy Cooperative),Kendriya Dugda Sahakari Sangh LTD (Central Dairy Cooperative Association Nepal) (of Setidevi Cooperative and Deurali Dairy Cooperative),False,,,,"Setidevi Milk Producer Cooperative Ltd. -  Dhulikhel 2, Rabi, Kavre District, Bagmati Province, Nepal                        Deurali Dairy Cooperative - same as above location",DBG,Silage,,,,,,,,Empowering Marginalized Communities through Sustainable Agroforestry Enterprises and Market Integration.,October 2025 - July 2026,Silage,Livestock,Silage,Farm-based,0,,1,0,0,1440.0,"[{""org_id"": 67, ""org_name"": ""Kendriya Dugda Sahakari Sangh LTD (Central Dairy Cooperative Association Nepal) (of Setidevi Cooperative and Deurali Dairy Cooperative)"", ""year_block"": ""2025"", ""area_direct_ha"": null, ""area_contributed_ha"": null, ""people_benefited"": 1440.0}]",0,,,0,,,0,,,,
44,44,Hile Jaljale “Ka” Samudayik Ban Upabhokta Samuha (HileJaljale CFUG),Hile Jaljale “Ka” Samudayik Ban Upabhokta Samuha (HileJaljale CFUG),False,,,,"Banepa-2, Kavrepalanchok, Bagmati Province Nepal",LoA,Furniture (Timber),forest_sector,Banepa Municipality-2,Kavrepalanchok,Bagmati,30.0,223.0,95.0,Enhancing the Capacity of the Community Sawmill for Scaled-Up Production and Processing,31 October 2024 - 31 October 2025,Furniture (Timber),Forest-based,Timber,Forest-based,0,,1,10.0,95.0,30.0,"[{""org_id"": 44, ""org_name"": ""HILE JALJALE KA SAMUDAYIK BAN UPABHOKTA SAMUHA"", ""year_block"": ""2025"", ""area_direct_ha"": 10.0, ""area_contributed_ha"": 95.0, ""people_benefited"": 30.0}]",1,3127475.0,23261.0765260000,0,,,1,3127475.0,23261.0765260000,,"[{""org_id"": 44, ""org_name_raw"": ""HILE JALJALE KA SAMUDAYIK BAN UPABHOKTA SAMUHA"", ""sheet"": ""LoA"", ""site_code"": """", ""service_start"": ""2024-10-31"", ""service_end"": ""2025-10-30"", ""cur"": ""NPR"", ""cur_value"": 3127475.0, ""usd_value"": 23261.0765260195}]"
46,46,Chuchchekhola Samudayik Ban U. Samu (Chuchchekhola CFUG),Chuchchekhola Samudayik Ban U. Samu (Chuchchekhola CFUG),False,,,,"Makawanpur, Hetauda Sub-metropolitan city-6,17 and Makawanpurgadhi Rural Municipality ward no. 2 and 3, Bagmati Province, Nepal",LoA,Furniture (Timber),forest_sector,"Hetauda Sub-Metropolitan City-6,17 & Makawanpurgadhi RM-2,3",Makawanpur,Bagmati,15.0,1170.0,238.29,Upgrade community sawmill in the value chain through enhanced capacity in value addition and strategic marketing,24 October 2024 - 24 October 2025,Furniture (Timber),Forest-based,Timber,Forest-based,0,,1,12.0,238.29,30.0,"[{""org_id"": 46, ""org_name"": ""CHUCHCHEKHOLA SAMUDAYIK BAN U SAMU"", ""year_block"": ""2025"", ""area_direct_ha"": 12.0, ""area_contributed_ha"": 238.29, ""people_benefited"": 30.0}]",1,3175825.0,23620.687090000,0,,,1,3175825.0,23620.687090000,,"[{""org_id"": 46, ""org_name_raw"": ""CHUCHCHEKHOLA SAMUDAYIK BAN U SAMU"", ""sheet"": ""LoA"", ""site_code"": """", ""service_start"": ""2024-10-24"", ""service_end"": ""2025-10-23"", ""cur"": ""NPR"", ""cur_value"": 3175825.0, ""usd_value"": 23620.687090463}]"
62,62,Gobardiha Kastha Tatha Furniture Udhyog,Gobardiha Kastha Tatha Furniture Udhyog,True,82.7532650000000,27.8224870000000,POINT (82.7532650776162 27.8224865417059),"Gadhawa Rural Municipality-1, Badhra, Deukhuri, Dang, Lumbini Province, Nepal",DBG,Furniture (Timber),forest_sector,"Gadhawa Rural Municipality-1, Badhra, Deukhuri",Dang,Lumbini,36.0,,4000.0,Enhancing operational capacity of community forest-based sawmill for sustainable livelihoods of forest dependent communities,10 December 2024 - 10 December 2025,Furniture (Timber),Forest-based,Timber,Forest-based,0,,1,10.0,4000.0,49.0,"[{""org_id"": 62, ""org_name"": ""GOBARDIHA KASTHA TATHA FURNITURE UDHYOG"", ""year_block"": ""2025"", ""area_direct_ha"": 10.0, ""area_contributed_ha"": 4000.0, ""people_benefited"": 49.0}]",0,,,1,6673850.0,49171.4925660000,1,6673850.0,49171.4925660000,DANG (DBG),"[{""org_id"": 62, ""org_name_raw"": ""GOBARDIHA KASTHA TATHA FURNITURE UDHYOG"", ""sheet"": ""DBG"", ""site_code"": ""DANG (DBG)"", ""service_start"": ""2024-12-10"", ""service_end"": ""2025-12-09"", ""cur"": ""NPR"", ""cur_value"": 6673850.0, ""usd_value"": 49171.4925659028}]"
1,1,FECOFUN Kavre,FECOFUN Kavre,False,,,,"Tindobato-8, Banepa, Kavre",LoA,Timur (Sichuan Pepper)- Production Upscaling through agroforestry,forest_sector,,,,,,4285.0,Scaling up Timur Agroforestry System inside Community Forestry as Climate Resilient Livelihood option in Kavre,Feb 2020- November 2020,Timur (Sichuan Pepper)- Production Upscaling through agroforestry,Agriculture / agroforestry,Timur,Integrated,0,,3,886.0,12085.0,20035.0,"[{""org_id"": 1, ""org_name"": ""Federation of Community Forestry User Nepal"", ""year_block"": ""2022 and 2023"", ""area_direct_ha"": 95.0, ""area_contributed_ha"": null, ""people_benefited"": 2300.0}, {""org_id"": 1, ""org_name"": ""FECOFUN"", ""year_block"": ""2024"", ""area_direct_ha"": 300.0, ""area_contributed_ha"": 7800.0, ""people_benefited"": 2300.0}, {""org_id"": 1, ""org_name"": ""FECOFUN"", ""year_block"": ""2025"", ""area_direct_ha"": 491.0, ""area_contributed_ha"": 4285.0, ""people_benefited"": 15435.0}]",10,84522293.0,671651.2242200000,0,,,10,84522293.0,671651.2242200000,,"[{""org_id"": 1, ""org_name_raw"": ""FEDERATION OF COMMUNITY FORESTRY USERS NEPAL (FECOFUN)"", ""sheet"": ""LoA"", ""site_code"": """", ""service_start"": ""2019-05-13"", ""service_end"": ""2020-01-31"", ""cur"": ""NPR"", ""cur_value"": 10693050.0, ""usd_value"": 95456.6148902025}, {""org_id"": 1, ""org_name_raw"": ""FEDERATION OF COMMUNITY FORESTRY USERS NEPAL (FECOFUN)"", ""sheet"": ""LoA"", ""site_code"": """", ""service_start"": ""2020-01-06"", ""service_end"": ""2020-10-31"", ""cur"": ""NPR"", ""cur_value"": 2751769.0, ""usd_value"": 24202.0140721184}, {""org_id"": 1, ""org_name_raw"": ""FEDERATION OF COMMUNITY FORESTRY USERS NEPAL (FECOFUN)"", ""sheet"": ""LoA"", ""site_code"": """", ""service_start"": ""2020-02-14"", ""service_end"": ""2020-02-20"", ""cur"": ""NPR"", ""cur_value"": 569700.0, ""usd_value"": 4997.3684210524}, {""org_id"": 1, ""org_name_raw"": ""FEDERATION OF COMMUNITY FORESTRY USERS NEPAL (FECOFUN)"", ""sheet"": ""LoA"", ""site_code"": """", ""service_start"": ""2020-02-14"", ""service_end"": ""2021-03-31"", ""cur"": ""NPR"", ""cur_value"": 1899000.0, ""usd_value"": 15725.4057634985}, {""org_id"": 1, ""org_name_raw"": ""FEDERATION OF COMMUNITY FORESTRY USERS NEPAL (FECOFUN)"", ""sheet"": ""LoA"", ""site_code"": """", ""service_start"": ""2020-07-07"", ""service_end"": ""2021-02-26"", ""cur"": ""NPR"", ""cur_value"": 11753001.0, ""usd_value"": 97325.2815501865}, {""org_id"": 1, ""org_name_raw"": ""FEDERATION OF COMMUNITY FORESTRY USERS NEPAL (FECOFUN)"", ""sheet"": ""LoA"", ""site_code"": """", ""service_start"": ""2021-08-13"", ""service_end"": ""2022-05-31"", ""cur"": ""NPR"", ""cur_value"": 11599270.0, ""usd_value"": 97710.9763288639}, {""org_id"": 1, ""org_name_raw"": ""FEDERATION OF COMMUNITY FORESTRY USERS NEPAL (FECOFUN)"", ""sheet"": ""LoA"", ""site_code"": """", ""service_start"": ""2022-12-01"", ""service_end"": ""2023-09-30"", ""cur"": ""NPR"", ""cur_value"": 12919370.0, ""usd_value"": 98908.8111224194}, {""org_id"": 1, ""org_name_raw"": ""FEDERATION OF COMMUNITY FORESTRY USERS NEPAL (FECOFUN)"", ""sheet"": ""LoA"", ""site_code"": """", ""service_start"": ""2023-12-23"", ""service_end"": ""2024-12-22"", ""cur"": ""NPR"", ""cur_value"": 12945664.0, ""usd_value"": 97111.659552766}, {""org_id"": 1, ""org_name_raw"": ""FEDERATION OF COMMUNITY FORESTRY USERS NEPAL (FECOFUN)"", ""sheet"": ""LoA"", ""site_code"": """", ""service_start"": ""2024-12-29"", ""service_end"": ""2025-12-28"", ""cur"": ""NPR"", ""cur_value"": 13279190.0, ""usd_value"": 97838.2181748482}, {""org_id"": 1, ""org_name_raw"": ""FEDERATION OF COMMUNITY FORESTRY USERS NEPAL (FECOFUN)"", ""sheet"": ""LoA"", ""site_code"": """", ""service_start"": ""2025-12-30"", ""service_end"": ""2026-07-30"", ""cur"": ""NPR"", ""cur_value"": 6112279.0, ""usd_value"": 42374.874343987}]"
3,3,AFFON (Association of Family Forest Owners Nepal),AFFON (Association of Family Forest Owners Nepal),True,85.3415020000000,27.6902490000000,POINT (85.3415015831458 27.6902488778735),"Shantinagar-31, Kathmandu, Nepal",LoA,Timur (Sichuan Pepper)- Production Upscaling through agroforestry,forest_sector,"Kathmandu Metropolitan City-31, Shantinagar",Kathmandu,Bagmati,122.0,,,Promoting Timur based Agro-forestry practices for Climate Change Mitigation & Adaptation & Economic Transformation.,Feb 2020- December 2020,Timur (Sichuan Pepper)- Production Upscaling through agroforestry,Agriculture / agroforestry,Timur,Integrated,38,"[{""org_id"": 3, ""producer_group"": ""AFFON- Handmade Paper Group"", ""year_block"": ""2019-2024"", ""women_count"": 15, ""product"": ""Lokhta and Argeli Bush- Paper""}, {""org_id"": 3, ""producer_group"": ""AFFON -Setidevi Women Entrepreneur Farmers Group"", ""year_block"": ""2019-2024"", ""women_count"": 23, ""product"": ""Hogplum- Hogplum paste""}]",2,69.4,10.0,397.0,"[{""org_id"": 3, ""org_name"": ""Association of Family Forest Owners, Nepal (Pratapkot Agroforestry Cooperative)"", ""year_block"": ""2022 and 2023"", ""area_direct_ha"": 28.0, ""area_contributed_ha"": null, ""people_benefited"": 275.0}, {""org_id"": 3, ""org_name"": ""AFFON"", ""year_block"": ""2024"", ""area_direct_ha"": 41.4, ""area_contributed_ha"": 10.0, ""people_benefited"": 122.0}]",3,5700210.0,46056.7033130000,0,,,3,5700210.0,46056.7033130000,,"[{""org_id"": 3, ""org_name_raw"": ""ASSOCIATION OF FAMILY FOREST OWNERS NEPAL (AFFON)"", ""sheet"": ""LoA"", ""site_code"": """", ""service_start"": ""2020-02-14"", ""service_end"": ""2020-02-20"", ""cur"": ""NPR"", ""cur_value"": 1600300.0, ""usd_value"": 14037.719298245}, {""org_id"": 3, ""org_name_raw"": ""ASSOCIATION OF FAMILY FOREST OWNERS NEPAL (AFFON)"", ""sheet"": ""LoA"", ""site_code"": """", ""service_start"": ""2021-12-15"", ""service_end"": ""2023-02-28"", ""cur"": ""NPR"", ""cur_value"": 1524090.0, ""usd_value"": 12696.517827391}, {""org_id"": 3, ""org_name_raw"": ""ASSOCIATION OF FAMILY FOREST OWNERS NEPAL (AFFON)"", ""sheet"": ""LoA"", ""site_code"": """", ""service_start"": ""2023-12-06"", ""service_end"": ""2024-12-05"", ""cur"": ""NPR"", ""cur_value"": 2575820.0, ""usd_value"": 19322.4661870728}]"
17,3,AFFON (Association of Family Forest Owners Nepal),Association of Family Forest Owners Nepal,True,85.3415020000000,27.6902490000000,POINT (85.3415015831458 27.6902488778735),"Shantinagar-31, Kathmandu, Nepal",LoA,Timur (Sichuan Pepper)- Production Upscaling through agroforestry,forest_sector,"Kathmandu Metropolitan City-31, Shantinagar",Kathmandu,Bagmati,122.0,,,Empowering women producers through product diversification and value addition,15 November 2021-15 December 2022,Timur (Sichuan Pepper)- Production Upscaling through agroforestry,Agriculture / agroforestry,Timur,Integrated,38,"[{""org_id"": 3, ""producer_group"": ""AFFON- Handmade Paper Group"", ""year_block"": ""2019-2024"", ""women_count"": 15, ""product"": ""Lokhta and Argeli Bush- Paper""}, {""org_id"": 3, ""producer_group"": ""AFFON -Setidevi Women Entrepreneur Farmers Group"", ""year_block"": ""2019-2024"", ""women_count"": 23, ""product"": ""Hogplum- Hogplum paste""}]",2,69.4,10.0,397.0,"[{""org_id"": 3, ""org_name"": ""Association of Family Forest Owners, Nepal (Pratapkot Agroforestry Cooperative)"", ""year_block"": ""2022 and 2023"", ""area_direct_ha"": 28.0, ""area_contributed_ha"": null, ""people_benefited"": 275.0}, {""org_id"": 3, ""org_name"": ""AFFON"", ""year_block"": ""2024"", ""area_direct_ha"": 41.4, ""area_contributed_ha"": 10.0, ""people_benefited"": 122.0}]",3,5700210.0,46056.7033130000,0,,,3,5700210.0,46056.7033130000,,"[{""org_id"": 3, ""org_name_raw"": ""ASSOCIATION OF FAMILY FOREST OWNERS NEPAL (AFFON)"", ""sheet"": ""LoA"", ""site_code"": """", ""service_start"": ""2020-02-14"", ""service_end"": ""2020-02-20"", ""cur"": ""NPR"", ""cur_value"": 1600300.0, ""usd_value"": 14037.719298245}, {""org_id"": 3, ""org_name_raw"": ""ASSOCIATION OF FAMILY FOREST OWNERS NEPAL (AFFON)"", ""sheet"": ""LoA"", ""site_code"": """", ""service_start"": ""2021-12-15"", ""service_end"": ""2023-02-28"", ""cur"": ""NPR"", ""cur_value"": 1524090.0, ""usd_value"": 12696.517827391}, {""org_id"": 3, ""org_name_raw"": ""ASSOCIATION OF FAMILY FOREST OWNERS NEPAL (AFFON)"", ""sheet"": ""LoA"", ""site_code"": """", ""service_start"": ""2023-12-06"", ""service_end"": ""2024-12-05"", ""cur"": ""NPR"", ""cur_value"": 2575820.0, ""usd_value"": 19322.4661870728}]"
35,35,Belapakha Samudayik Ban Upabhokta Samuha (BSBUS),Belapakha Samudayik Ban Upabhokta Samuha (BSBUS),False,,,,"Ward 10 Panchkhhal Municipality, Kavrepalanchowk, Nepal.",LoA,Timur (Sichuan Pepper)- Production Upscaling through agroforestry,forest_sector,"Ward 10, Panchkhal Municipality",Kavrepalanchok,Bagmati,40.0,,,Linking livelihoods with the agroforestry adopted to restore degraded agriculture and community forest land,27 November 2023-26 November 2024,Timur (Sichuan Pepper)- Production Upscaling through agroforestry,Agriculture / agroforestry,Timur,Integrated,0,,2,14.0,10.0,106.0,"[{""org_id"": 35, ""org_name"": ""Belapkaha Community Forest - Kavre FECOFUN"", ""year_block"": ""2022 and 2023"", ""area_direct_ha"": 9.0, ""area_contributed_ha"": null, ""people_benefited"": 65.0}, {""org_id"": 35, ""org_name"": ""Belapakha CFUGs"", ""year_block"": ""2024"", ""area_direct_ha"": 5.0, ""area_contributed_ha"": 10.0, ""people_benefited"": 41.0}]",1,2499860.0,18777.1626870000,0,,,1,2499860.0,18777.1626870000,,"[{""org_id"": 35, ""org_name_raw"": ""BELAPAKHA SAMUDAYIK BAN UPABHOKTA SAMUHA"", ""sheet"": ""LoA"", ""site_code"": """", ""service_start"": ""2023-11-27"", ""service_end"": ""2024-11-26"", ""cur"": ""NPR"", ""cur_value"": 2499860.0, ""usd_value"": 18777.1626869361}]"
11,11,Bungdal CFUG (Makawanpur),Bungdal CFUG (Makawanpur),False,,,,"Makawanpur Rural Municipality - 5, Bungdhal",LoA,Turmeric (community forest),,,,,,,,Turmeric Production and Processing Enterprise in Community Forest,December 2020- December 2021,Turmeric (community forest),Agriculture / agroforestry,Turmeric,Integrated,40,"[{""org_id"": 11, ""producer_group"": ""Bungdal Community Forest User Group"", ""year_block"": ""2019-2024"", ""women_count"": 40, ""product"": ""Turmeric- Dried diced turmeric, powder turmeric""}]",2,7.8099999999999996,3.0,180.0,"[{""org_id"": 11, ""org_name"": ""Bungdhal Community Forest"", ""year_block"": ""2022 and 2023"", ""area_direct_ha"": 5.0, ""area_contributed_ha"": null, ""people_benefited"": 140.0}, {""org_id"": 11, ""org_name"": ""Bungdal CFUGs"", ""year_block"": ""2024"", ""area_direct_ha"": 2.81, ""area_contributed_ha"": 3.0, ""people_benefited"": 40.0}]",2,4546000.0,35982.150985000000,0,,,2,4546000.0,35982.150985000000,,"[{""org_id"": 11, ""org_name_raw"": ""BUNGDAL COMMUNITY FOREST USER GROUP"", ""sheet"": ""LoA"", ""site_code"": """", ""service_start"": ""2020-12-29"", ""service_end"": ""2022-03-31"", ""cur"": ""NPR"", ""cur_value"": 1894500.0, ""usd_value"": 16065.9769335147}, {""org_id"": 11, ""org_name_raw"": ""BUNGDAL COMMUNITY FOREST USER GROUP"", ""sheet"": ""LoA"", ""site_code"": """", ""service_start"": ""2023-11-27"", ""service_end"": ""2024-11-26"", ""cur"": ""NPR"", ""cur_value"": 2651500.0, ""usd_value"": 19916.1740515113}]"
32,32,Bungdal Samudayeik ban Upabhokta Samuha (Bungdal Community Forest User Group) (BCFUG),Bungdal Samudayeik ban Upabhokta Samuha (Bungdal Community Forest User Group) (BCFUG),False,,,,"Makwanpur, Gadhi rural municipality-5, Bagmati Province, Nepal",LoA,Turmeric (community forest),forest_sector,Gadhi Rural Municipality-5,Makwanpur,Bagmati,40.0,,,"Strengthening the turmeric processing enterprise operated by community forest user group by scaling up production and value addition in Gadhi, Makwanpur",27 November 2023-26 November 2024,Turmeric (community forest),Agriculture / agroforestry,Turmeric,Integrated,0,,0,,,,,0,,,0,,,0,,,,
8,8,"Jagaran Community Development Center / Madhyabindu Lemon, Fruits and Vegetable Production Farmer Group","Jagaran Community Development Center / Madhyabindu Lemon, Fruits and Vegetable Production Farmer Group",True,84.0186120000000,27.6062750000000,POINT (84.0186122254726 27.6062745463966),"Kathmandu Office: Kathmandu-35, Koteshwor, Sahayoginagar Marga           Nawalpur Office: Madhyavindu-8, Nawalpur",LoA,Lime production and processing- Pickle,farmers_group,Madhyabindu Municipality-8,Nawalpur,Gandaki,54.0,100.0,,Capacity Building of Local Producer for Scaling Up of Lime Production and Enterpreneurship,December 2020- December 2021,Lime production and processing- Pickle,Other / needs review,Lime,Integrated,22,"[{""org_id"": 8, ""producer_group"": ""Jagaran women agri producer group"", ""year_block"": ""2019-2024"", ""women_count"": 22, ""product"": ""Pickle from agri products.""}]",1,2.2,0,40.0,"[{""org_id"": 8, ""org_name"": ""Jagaran Community Development Centre and the Madhyavindu Lime, Fruits and Vegetable Producers Group"", ""year_block"": ""2022 and 2023"", ""area_direct_ha"": 2.2, ""area_contributed_ha"": null, ""people_benefited"": 40.0}]",1,1626500.0,13793.2496610000,0,,,1,1626500.0,13793.2496610000,,"[{""org_id"": 8, ""org_name_raw"": ""JAGARAN SAMUDAYIK BIKASH KENDRA"", ""sheet"": ""LoA"", ""site_code"": """", ""service_start"": ""2020-12-29"", ""service_end"": ""2022-03-31"", ""cur"": ""NPR"", ""cur_value"": 1626500.0, ""usd_value"": 13793.2496607874}]"
10,10,Kanaihya Farmer Group,Kanaihya Farmer Group,False,,,,"Kawasoti Municipality- 17 Nawalpur, Nepal",LoA,Climate change firendly sustainable practices,farmers_group,Kawasoti Municipality-17,Nawalparasi,Gandaki,30.0,30.0,,Enterpreneurship Development and Commercial Capacity Enhancement of the Group through Climate Friendly Sustainable Agriculture Practices,December 2020- December 2021,Climate change firendly sustainable practices,Other / needs review,Agri products,Farm-based,0,,1,22.27,0,25.0,"[{""org_id"": 10, ""org_name"": ""Kanaya Farmers Group"", ""year_block"": ""2022 and 2023"", ""area_direct_ha"": 22.27, ""area_contributed_ha"": null, ""people_benefited"": 25.0}]",1,1078950.0,9149.84735400000,0,,,1,1078950.0,9149.84735400000,,"[{""org_id"": 10, ""org_name_raw"": ""KANAYA KRISHAK SAMUHA"", ""sheet"": ""LoA"", ""site_code"": """", ""service_start"": ""2020-12-29"", ""service_end"": ""2022-03-31"", ""cur"": ""NPR"", ""cur_value"": 1078950.0, ""usd_value"": 9149.84735413867}]"
12,12,Shree Shuvakamana Community Development Organization / Banganga Women Apiculture Farmer Group,Shree Shuvakamana Community Development Organization / Banganga Women Apiculture Farmer Group,False,,,,"Pokhara-15, Birauta Kaski",LoA,Honey (Eomen Honey Producer Group),farmers_group,Banganga Municipality (area),Kapilvastu,Lumbini,20.0,121.0,,Aggregation of Apiculture Farmers and Instituotional Marketing of the Products,December 2020- December 2021,Honey (Eomen Honey Producer Group),Other / needs review,Honey,Forest-based,20,"[{""org_id"": 12, ""producer_group"": ""Banganga Women Bee Keeping Group (Shuakamana)"", ""year_block"": ""2019-2024"", ""women_count"": 20, ""product"": ""Honey""}]",0,,,,,1,1495800.0,12684.8710990000,0,,,1,1495800.0,12684.8710990000,,"[{""org_id"": 12, ""org_name_raw"": ""SUVAKAMANA SAMAJIK BIKASH SASTHA"", ""sheet"": ""LoA"", ""site_code"": """", ""service_start"": ""2020-12-29"", ""service_end"": ""2022-03-31"", ""cur"": ""NPR"", ""cur_value"": 1495800.0, ""usd_value"": 12684.8710990506}]"
13,13,Shree Shiva CFUG,Shree Shiva CFUG,False,,,,"Nawalpur District, Kawaswoti Municipality - 2",LoA,Tejpat/ Cinnamomum tamala tree -CF,forest_sector,Kawasoti Municipality-2,Nawalpur,Gandaki,25.0,,,"Tejpat Conservation, Production, Processing and Value Chain Linkage",December 2020- December 2021,Tejpat/ Cinnamomum tamala tree -CF,Other / needs review,Cinnamon,Forest-based,0,,1,5.0,0,171.0,"[{""org_id"": 13, ""org_name"": ""Shiva Community Forest"", ""year_block"": ""2022 and 2023"", ""area_direct_ha"": 5.0, ""area_contributed_ha"": null, ""people_benefited"": 171.0}]",1,1052300.0,8923.84667600000,0,,,1,1052300.0,8923.84667600000,,"[{""org_id"": 13, ""org_name_raw"": ""SHIVA SAMUDAYIK BAN UPABHOKTA SAMITI"", ""sheet"": ""LoA"", ""site_code"": """", ""service_start"": ""2020-12-28"", ""service_end"": ""2022-03-31"", ""cur"": ""NPR"", ""cur_value"": 1052300.0, ""usd_value"": 8923.84667571261}]"
14,14,Rastriya Dalit Network,Rastriya Dalit Network,True,80.5997660000000,28.7064710000000,POINT (80.5997657678294 28.7064710691128),"Dhangadhi- 01, Kailali",LoA,Fisheries (marginalised  dalit community producer group),farmers_group,Dhangadhi Sub-Metropolitan City-1,Kailali,Sudurpashchim,,31.0,,Capacity Enhancement for Sustainable Livlihood through Locally Initiated Enterpreneurship,December 2020- December 2021,Fisheries (marginalised  dalit community producer group),Other / needs review,Fish,Farm-based,0,,1,0.038,0,31.0,"[{""org_id"": 14, ""org_name"": ""Rastriya Dalit Network"", ""year_block"": ""2022 and 2023"", ""area_direct_ha"": 0.038, ""area_contributed_ha"": null, ""people_benefited"": 31.0}]",1,727500.0,6169.43690600000,0,,,1,727500.0,6169.43690600000,,"[{""org_id"": 14, ""org_name_raw"": ""RASTRIYA DALIT NETWORK (RDN)"", ""sheet"": ""LoA"", ""site_code"": """", ""service_start"": ""2020-12-28"", ""service_end"": ""2022-03-30"", ""cur"": ""NPR"", ""cur_value"": 727500.0, ""usd_value"": 6169.43690637739}]"
15,15,Dangdunge CFUG (Makawanpur),Dangdunge CFUG (Makawanpur),True,85.03782700000,27.435858000000,POINT (85.03782683454 27.435858067419),"Makawanpur District, Hetauda Sub-metropolitan City - 11",LoA,Safe agri production linked with community nursery,forest_sector,Hetauda Sub-Metropolitan City-11,Makawanpur,Bagmati,15.0,,,Dangdunge Micro Agro-forestry Programme,December 2020- December 2021,Safe agri production linked with community nursery,Other / needs review,Agri products,Farm-based,0,,1,4.0,0,67.0,"[{""org_id"": 15, ""org_name"": ""Dangdunge Community Forest"", ""year_block"": ""2022 and 2023"", ""area_direct_ha"": 4.0, ""area_contributed_ha"": null, ""people_benefited"": 67.0}]",1,797000.0,6758.81953900000,0,,,1,797000.0,6758.81953900000,,"[{""org_id"": 15, ""org_name_raw"": ""DANGDUNGE BAN UPABHOKTA SA"", ""sheet"": ""LoA"", ""site_code"": """", ""service_start"": ""2020-12-28"", ""service_end"": ""2022-03-30"", ""cur"": ""NPR"", ""cur_value"": 797000.0, ""usd_value"": 6758.81953867049}]"
19,19,Community Rural Development Society Nepal,Community Rural Development Society Nepal,True,80.5395790000000,29.8426480000000,POINT (80.5395794543661 29.8426482535049),"Mahakali Municpality, Khalanga, Darchula, Nepal",LoA,Essential Oil,,,,,,,,"Strengthening  Aromatic and Medicinal Plants based Enterprise of Community Forest User Group by Scaling Up Production, Processing and Marketing",21 December 2021-30 November 2022,Essential Oil,Other / needs review,Essential Oil,Integrated,0,,0,,,,,1,1554190.0,12947.2675770000,0,,,1,1554190.0,12947.2675770000,,"[{""org_id"": 19, ""org_name_raw"": ""COMMUNITY RURAL DEVELOPMENT SOCIETY-NEPAL"", ""sheet"": ""LoA"", ""site_code"": """", ""service_start"": ""2021-12-22"", ""service_end"": ""2023-02-28"", ""cur"": ""NPR"", ""cur_value"": 1554190.0, ""usd_value"": 12947.2675774743}]"
21,5,NFGF (National Farmer Group Federation),National Farmer Group Federation,True,86.4777690000000,26.7140210000000,POINT (86.4777685254509 26.7140205357528),"Nayabazar-17, Kathmandu",LoA,Safe vegetable production,farmers_group,Kathmandu Metropolitan City,,Bagmati,,271000.0,,Promoting Organic Agri-Entrepreneurship adopting Participatory Guarantee System (PGS),15 December 2021-15 November 2022,PGS- Safe agri. products,Other / needs review,PGS,Farm-based,0,,2,33.0,6.0,578.0,"[{""org_id"": 5, ""org_name"": ""National Farmers Group Federation Nepal"", ""year_block"": ""2022 and 2023"", ""area_direct_ha"": 29.0, ""area_contributed_ha"": null, ""people_benefited"": 425.0}, {""org_id"": 5, ""org_name"": ""NFGF"", ""year_block"": ""2024"", ""area_direct_ha"": 4.0, ""area_contributed_ha"": 6.0, ""people_benefited"": 153.0}]",3,5658966.0,45829.3419080000,1,4347475.0,30678.2417860000,4,10006441.0,76507.583694000,KATHMANDU LOA,"[{""org_id"": 5, ""org_name_raw"": ""NATIONAL FARMERS GROUP FEDERATION NEPAL"", ""sheet"": ""LoA"", ""site_code"": """", ""service_start"": ""2020-02-14"", ""service_end"": ""2020-02-20"", ""cur"": ""NPR"", ""cur_value"": 1615600.0, ""usd_value"": 14171.9298245608}, {""org_id"": 5, ""org_name_raw"": ""NATIONAL FARMERS GROUP FEDERATION NEPAL"", ""sheet"": ""LoA"", ""site_code"": """", ""service_start"": ""2021-12-15"", ""service_end"": ""2023-02-28"", ""cur"": ""NPR"", ""cur_value"": 1599586.0, ""usd_value"": 13325.4415194936}, {""org_id"": 5, ""org_name_raw"": ""NATIONAL FARMERS GROUP FEDERATION NEPAL"", ""sheet"": ""LoA"", ""site_code"": """", ""service_start"": ""2023-12-06"", ""service_end"": ""2024-12-05"", ""cur"": ""NPR"", ""cur_value"": 2443780.0, ""usd_value"": 18331.9705641872}, {""org_id"": 5, ""org_name_raw"": ""NATIONAL FARMERS GROUP FEDERATION NEPAL"", ""sheet"": ""DBG"", ""site_code"": ""KATHMANDU LOA"", ""service_start"": ""2025-10-13"", ""service_end"": ""2026-06-30"", ""cur"": ""NPR"", ""cur_value"": 4347475.0, ""usd_value"": 30678.2417861594}]"
27,27,"SHREE SHIVASHAKTI KRISHI SAHAKARI (Shree Shivashakti Krishi Sahakari, Limited)","SHREE SHIVASHAKTI KRISHI SAHAKARI (Shree Shivashakti Krishi Sahakari, Limited)",True,83.9809020000000,28.228162000000,POINT (83.9809023966527 28.228162174753),"Bhimphedi-7,Makawanpur",LoA,PGS certified agri. products,cooperative,Bhimphedi Rural Municipality-7,Makawanpur,Bagmati,72.0,72.0,,Strengthening organic agro-entrepreneurship of small holder farmer groups operating in forest farm landscape through PGS certification,22 December 2022- 21 December 2023,PGS certified agri. products,Other / needs review,PGS,Farm-based,0,,1,5.19,0,480.0,"[{""org_id"": 27, ""org_name"": ""Shivashakti Cooperative"", ""year_block"": ""2022 and 2023"", ""area_direct_ha"": 5.19, ""area_contributed_ha"": null, ""people_benefited"": 480.0}]",0,,,0,,,0,,,,
33,33,Binayi Samudayik Ban Upobhokta Samu (BSBUS),Binayi Samudayik Ban Upobhokta Samu (BSBUS),True,83.8659760000000,27.5819630000000,POINT (83.8659763966365 27.5819630378295),"Binayi Triveni Rural Municipality-1, Dumkibas Nawalparasi, NepaL",LoA,Fertiliser,forest_sector,"Binayi Triveni Rural Municipality-1, Dumkibas",Nawalpur,Gandaki,20.0,,,Strengthening the production and value addition capacity of bio-fertiliser group the of Binayi Community Forest in Nawalpur,27 November 2023-26 November 2024,Fertiliser,Other / needs review,Fertiliser,Forest-based,6216,"[{""org_id"": 33, ""producer_group"": ""Binayi Community Forest User Group"", ""year_block"": ""2019-2024"", ""women_count"": 20, ""product"": ""Forest Biomass- organic fertilizer""}, {""org_id"": 33, ""producer_group"": ""Binayi Community Forest User Group"", ""year_block"": ""2026"", ""women_count"": 6196, ""product"": ""Bio-fertilizer""}]",2,3.0,3.0,2228.0,"[{""org_id"": 33, ""org_name"": ""Binayi CFUGs"", ""year_block"": ""2024"", ""area_direct_ha"": 3.0, ""area_contributed_ha"": 3.0, ""people_benefited"": 20.0}, {""org_id"": 33, ""org_name"": ""Binayi Samudayik Ban Upobhokta Samu"", ""year_block"": ""2025"", ""area_direct_ha"": null, ""area_contributed_ha"": null, ""people_benefited"": 2208.0}]",1,2528580.0,18992.8868120000,1,4225700.0,29924.9344950000,2,6754280.0,48917.821306999998,NAWALPARASI LOA,"[{""org_id"": 33, ""org_name_raw"": ""BINAYI SAMUDAYIK BAN UPOBHOKTA SAMU"", ""sheet"": ""LoA"", ""site_code"": """", ""service_start"": ""2023-11-27"", ""service_end"": ""2024-11-26"", ""cur"": ""NPR"", ""cur_value"": 2528580.0, ""usd_value"": 18992.8868124346}, {""org_id"": 33, ""org_name_raw"": ""BINAYI SAMUDAYIK BAN UPOBHOKTA SAMU"", ""sheet"": ""DBG"", ""site_code"": ""NAWALPARASI LOA"", ""service_start"": ""2025-09-18"", ""service_end"": ""2026-06-30"", ""cur"": ""NPR"", ""cur_value"": 4225700.0, ""usd_value"": 29924.9344947239}]"
34,5,NFGF (National Farmer Group Federation),"National Farmer Group Federation (NFGF), Nepal",True,86.4777690000000,26.7140210000000,POINT (86.4777685254509 26.7140205357528),"Nayabazar-17, Kathmandu",LoA,Safe vegetable production,farmers_group,Kathmandu Metropolitan City,,Bagmati,,271000.0,,Promote collective agro-entrepreneurship based on ecological practices incorporating Participatory Guarantee System.,06 December 2023- 05 December 2024,PGS certified agri. products,Other / needs review,PGS,Farm-based,0,,2,33.0,6.0,578.0,"[{""org_id"": 5, ""org_name"": ""National Farmers Group Federation Nepal"", ""year_block"": ""2022 and 2023"", ""area_direct_ha"": 29.0, ""area_contributed_ha"": null, ""people_benefited"": 425.0}, {""org_id"": 5, ""org_name"": ""NFGF"", ""year_block"": ""2024"", ""area_direct_ha"": 4.0, ""area_contributed_ha"": 6.0, ""people_benefited"": 153.0}]",3,5658966.0,45829.3419080000,1,4347475.0,30678.2417860000,4,10006441.0,76507.583694000,KATHMANDU LOA,"[{""org_id"": 5, ""org_name_raw"": ""NATIONAL FARMERS GROUP FEDERATION NEPAL"", ""sheet"": ""LoA"", ""site_code"": """", ""service_start"": ""2020-02-14"", ""service_end"": ""2020-02-20"", ""cur"": ""NPR"", ""cur_value"": 1615600.0, ""usd_value"": 14171.9298245608}, {""org_id"": 5, ""org_name_raw"": ""NATIONAL FARMERS GROUP FEDERATION NEPAL"", ""sheet"": ""LoA"", ""site_code"": """", ""service_start"": ""2021-12-15"", ""service_end"": ""2023-02-28"", ""cur"": ""NPR"", ""cur_value"": 1599586.0, ""usd_value"": 13325.4415194936}, {""org_id"": 5, ""org_name_raw"": ""NATIONAL FARMERS GROUP FEDERATION NEPAL"", ""sheet"": ""LoA"", ""site_code"": """", ""service_start"": ""2023-12-06"", ""service_end"": ""2024-12-05"", ""cur"": ""NPR"", ""cur_value"": 2443780.0, ""usd_value"": 18331.9705641872}, {""org_id"": 5, ""org_name_raw"": ""NATIONAL FARMERS GROUP FEDERATION NEPAL"", ""sheet"": ""DBG"", ""site_code"": ""KATHMANDU LOA"", ""service_start"": ""2025-10-13"", ""service_end"": ""2026-06-30"", ""cur"": ""NPR"", ""cur_value"": 4347475.0, ""usd_value"": 30678.2417861594}]"
36,3,AFFON (Association of Family Forest Owners Nepal),Association of Family Forest Owners Nepal (AFFON),True,85.3415020000000,27.6902490000000,POINT (85.3415015831458 27.6902488778735),"Shantinagar-31, Kathmandu, Nepal",LoA,Timur (Sichuan Pepper)- Production Upscaling through agroforestry,forest_sector,"Kathmandu Metropolitan City-31, Shantinagar",Kathmandu,Bagmati,122.0,,,Develop and demonstrate model of agroforestry systems contributing to landscape restoration.,06 December 2023- 05 December 2024,"Thunse, Sisnoo, broom, Allo, Lapsi and Handmade paper",Other / needs review,Non-timber forest products,Forest-based,38,"[{""org_id"": 3, ""producer_group"": ""AFFON- Handmade Paper Group"", ""year_block"": ""2019-2024"", ""women_count"": 15, ""product"": ""Lokhta and Argeli Bush- Paper""}, {""org_id"": 3, ""producer_group"": ""AFFON -Setidevi Women Entrepreneur Farmers Group"", ""year_block"": ""2019-2024"", ""women_count"": 23, ""product"": ""Hogplum- Hogplum paste""}]",2,69.4,10.0,397.0,"[{""org_id"": 3, ""org_name"": ""Association of Family Forest Owners, Nepal (Pratapkot Agroforestry Cooperative)"", ""year_block"": ""2022 and 2023"", ""area_direct_ha"": 28.0, ""area_contributed_ha"": null, ""people_benefited"": 275.0}, {""org_id"": 3, ""org_name"": ""AFFON"", ""year_block"": ""2024"", ""area_direct_ha"": 41.4, ""area_contributed_ha"": 10.0, ""people_benefited"": 122.0}]",3,5700210.0,46056.7033130000,0,,,3,5700210.0,46056.7033130000,,"[{""org_id"": 3, ""org_name_raw"": ""ASSOCIATION OF FAMILY FOREST OWNERS NEPAL (AFFON)"", ""sheet"": ""LoA"", ""site_code"": """", ""service_start"": ""2020-02-14"", ""service_end"": ""2020-02-20"", ""cur"": ""NPR"", ""cur_value"": 1600300.0, ""usd_value"": 14037.719298245}, {""org_id"": 3, ""org_name_raw"": ""ASSOCIATION OF FAMILY FOREST OWNERS NEPAL (AFFON)"", ""sheet"": ""LoA"", ""site_code"": """", ""service_start"": ""2021-12-15"", ""service_end"": ""2023-02-28"", ""cur"": ""NPR"", ""cur_value"": 1524090.0, ""usd_value"": 12696.517827391}, {""org_id"": 3, ""org_name_raw"": ""ASSOCIATION OF FAMILY FOREST OWNERS NEPAL (AFFON)"", ""sheet"": ""LoA"", ""site_code"": """", ""service_start"": ""2023-12-06"", ""service_end"": ""2024-12-05"", ""cur"": ""NPR"", ""cur_value"": 2575820.0, ""usd_value"": 19322.4661870728}]"
38,38,Sakriya Mahila Krishi Sahakari Sanstha Limited (SMKSSL),Sakriya Mahila Krishi Sahakari Sanstha Limited (SMKSSL),True,85.5080160000000,27.5935940000000,POINT (85.5080159217063 27.5935941972749),"Panauti Municipality-8, Kavrepalanchok, Bagmati Province, Nepal",DBG,Agriculture products value addition,cooperative,Panauti Municipality-8,Kavrepalanchok,Bagmati,155.0,155.0,,Value-chain on vegetable production and livelihood promotion program,24 Decembr 2023-23 December 2024,Agriculture products value addition,Other / needs review,Agri products,Farm-based,555,"[{""org_id"": 38, ""producer_group"": ""Sakriya Mahila Agriculture Cooperative"", ""year_block"": ""2019-2024"", ""women_count"": 400, ""product"": ""Safe farm basket of products""}, {""org_id"": 38, ""producer_group"": ""Sakriya Mahila Agriculture Cooperative"", ""year_block"": ""2026"", ""women_count"": 155, ""product"": ""Agriculture products value addition""}]",2,2.0,5.0,555.0,"[{""org_id"": 38, ""org_name"": ""Sakriye Mahila Sahakari Limited"", ""year_block"": ""2024"", ""area_direct_ha"": 2.0, ""area_contributed_ha"": 5.0, ""people_benefited"": 400.0}, {""org_id"": 38, ""org_name"": ""Sakriya Mahila Krisi Sahakari Sanstha SA. LT"", ""year_block"": ""2025"", ""area_direct_ha"": null, ""area_contributed_ha"": null, ""people_benefited"": 155.0}]",0,,,2,10232820.0,75137.6822350000,2,10232820.0,75137.6822350000,KAVREPLANC(DBG),"[{""org_id"": 38, ""org_name_raw"": ""SAKRIYA MAHILA KRISI SHAKARI SA LT"", ""sheet"": ""DBG"", ""site_code"": ""KAVREPLANC(DBG)"", ""service_start"": ""2023-12-24"", ""service_end"": ""2024-12-23"", ""cur"": ""NPR"", ""cur_value"": 5988500.0, ""usd_value"": 45080.887390001}, {""org_id"": 38, ""org_name_raw"": ""SAKRIYA MAHILA KRISI SHAKARI SA LT"", ""sheet"": ""DBG"", ""site_code"": ""KAVREPLANC(DBG)"", ""service_start"": ""2025-09-18"", ""service_end"": ""2026-06-30"", ""cur"": ""NPR"", ""cur_value"": 4244320.0, ""usd_value"": 30056.7948445575}]"
39,39,Pasupati Samudayik Ban Upobhokta Samuha (PSBUS),Pasupati Samudayik Ban Upobhokta Samuha (PSBUS),False,,,,"Manahari Rural Municipality- 7, Makawanpur, Bagmati Province, Nepal",DBG,Saw mill,,,,,,,,Financial and livelihood improvement of women through forest-based enterprise (Allo Enterprise),24 Decembr 2023-23 December 2024,Saw mill,Other / needs review,Timber,Forest-based,0,,2,6.0,10.0,62.0,"[{""org_id"": 39, ""org_name"": ""Pashupati Community Forest"", ""year_block"": ""2022 and 2023"", ""area_direct_ha"": 4.0, ""area_contributed_ha"": null, ""people_benefited"": 30.0}, {""org_id"": 39, ""org_name"": ""Pasupati CFUGs"", ""year_block"": ""2024"", ""area_direct_ha"": 2.0, ""area_contributed_ha"": 10.0, ""people_benefited"": 32.0}]",0,,,1,2694500.0,20283.9527550000,1,2694500.0,20283.9527550000,MAKAWANPU (DBG),"[{""org_id"": 39, ""org_name_raw"": ""PASHUPATI COMMUNITY FOREST USERS GROUP"", ""sheet"": ""DBG"", ""site_code"": ""MAKAWANPU (DBG)"", ""service_start"": ""2023-12-24"", ""service_end"": ""2024-12-23"", ""cur"": ""NPR"", ""cur_value"": 2694500.0, ""usd_value"": 20283.9527548397}]"
40,40,"Himawanti Nepal (HN)                      Risheshwor Mahila Allo Kapada Utpadan Udhyog, located in Thaha Municipality-4, Makwanpur district","Himawanti Nepal (HN)                      Risheshwor Mahila Allo Kapada Utpadan Udhyog, located in Thaha Municipality-4, Makwanpur district",True,85.3208790000000,27.6846380000000,POINT (85.3208788273232 27.6846382855821),"Jwagal-10, Kupondole,Lalitpur  Metropolitan City,  Bagmati Province, Nepal",DBG,Allo (Himalayan nettle),,,,,,,,Financial and livelihood improvement of women through forest-based enterprise (Allo Enterprise),28 Decembr 2023-27 December 2024,Allo (Himalayan nettle),Other / needs review,Allo,Forest-based,9,"[{""org_id"": 40, ""producer_group"": ""HIMAWANTI"", ""year_block"": ""2019-2024"", ""women_count"": 9, ""product"": ""Allo plant-Allo fibre- Allo fabric""}]",1,4.0,4.0,9.0,"[{""org_id"": 40, ""org_name"": ""HIMAWANTI"", ""year_block"": ""2024"", ""area_direct_ha"": 4.0, ""area_contributed_ha"": 4.0, ""people_benefited"": 9.0}]",0,,,1,2199000.0,16553.8734860000,1,2199000.0,16553.8734860000,LALITPUR (LOA),"[{""org_id"": 40, ""org_name_raw"": ""HIMALAYAN GRASSROOTS WOMEN S NATURAL RESOURCE MANAGEMENT ASSOCIATION OF NEPAL (HIMAWANTI)"", ""sheet"": ""DBG"", ""site_code"": ""LALITPUR (LOA)"", ""service_start"": ""2023-12-28"", ""service_end"": ""2024-12-27"", ""cur"": ""NPR"", ""cur_value"": 2199000.0, ""usd_value"": 16553.8734859501}]"
41,41,Hamro Rajakot Bahuuddeshye Sahakari Sanstha Limited (HRBSSL),Hamro Rajakot Bahuuddeshye Sahakari Sanstha Limited (HRBSSL),False,,,,"Dangisaran Rural Municipality-2, Kalamkhola, Dang Lumbini Province, Nepal",DBG,"Leaflate, wooven basket",,,,,,,,"Value addition on leafpalte, dhakiya and bamboo products",28 December 2023-27 December 2024,"Leaflate, wooven basket",Other / needs review,Sal leaf plates,Forest-based,0,,0,,,,,0,,,0,,,0,,,,
42,42,Aadhunik Krishi Sahakari Limited (AKSL),Aadhunik Krishi Sahakari Limited (AKSL),False,,,,"Dangisaran Rural Municipality-2, Kalamkhola, Dang Lumbini Province, Nepal",DBG,Biodegradable packaging materials,cooperative,"Ratna Nagar Municipality-10, Bakulahar Chowk",Chitwan,Bagmati,104.0,104.0,,Environment friendly bio-degradable plastic manufacturing plant establishment and packaging and promotion of locally produced products.,25 December 2023-24 December 2024 (extended until April 2025),Biodegradable packaging materials,Other / needs review,Non-timber forest products,Integrated,0,,1,1.25,1.5,104.0,"[{""org_id"": 42, ""org_name"": ""Aadhunik Krishi Sahakari Limited"", ""year_block"": ""2024"", ""area_direct_ha"": 1.25, ""area_contributed_ha"": 1.5, ""people_benefited"": 104.0}]",0,,,1,5993866.0,45121.282154000,1,5993866.0,45121.282154000,TANDI (DBG),"[{""org_id"": 42, ""org_name_raw"": ""AADHUNIK AGRICULTURE CO-OPERATIVE L"", ""sheet"": ""DBG"", ""site_code"": ""TANDI (DBG)"", ""service_start"": ""2023-12-24"", ""service_end"": ""2025-04-30"", ""cur"": ""NPR"", ""cur_value"": 5993866.0, ""usd_value"": 45121.282153587}]"
45,45,Piple Pokhara S.B.U.S (Piple-Pokhara CFUG),Piple Pokhara S.B.U.S (Piple-Pokhara CFUG),False,,,,"Hetauda Sub-Metropolitan City-5, Makawanpur, Bagmati Province,",LoA,Handicrafts,forest_sector,Hetauda Sub-Metropolitan City-5,Makawanpur,Bagmati,9.0,1686.0,209.09,Upgrade Of Forest-Based Handicraft Enterprise In The Value Chain,25 October 2024 - 25 October 2025,Handicrafts,Other / needs review,Handicraft,Forest-based,7,"[{""org_id"": 45, ""producer_group"": ""Piple Pokhara CFUG"", ""year_block"": ""2025"", ""women_count"": 7, ""product"": ""Handicraft""}]",2,17.0,209.09,99.0,"[{""org_id"": 45, ""org_name"": ""Piplepokhara Community Forest"", ""year_block"": ""2022 and 2023"", ""area_direct_ha"": 2.0, ""area_contributed_ha"": null, ""people_benefited"": 85.0}, {""org_id"": 45, ""org_name"": ""PIPLE POKHARA SBUS"", ""year_block"": ""2025"", ""area_direct_ha"": 15.0, ""area_contributed_ha"": 209.09, ""people_benefited"": 14.0}]",1,3072348.0,22851.0609810000,0,,,1,3072348.0,22851.0609810000,,"[{""org_id"": 45, ""org_name_raw"": ""PIPLE POKHARA SBUS"", ""sheet"": ""LoA"", ""site_code"": """", ""service_start"": ""2024-10-25"", ""service_end"": ""2025-10-24"", ""cur"": ""NPR"", ""cur_value"": 3072348.0, ""usd_value"": 22851.0609813229}]"
47,47,Jaldevi Samudayik Ban Upbhokta Samuha (Jaldevi CFUG),Jaldevi Samudayik Ban Upbhokta Samuha (Jaldevi CFUG),False,,,,"Bharatpur Metropolitan City- 2, Chitwan, Bagmati Province, Nepal",LoA,Honey,forest_sector,Bharatpur Metropolitan City-2,Chitwan,Bagmati,1724.0,1724.0,199.0,Empowering Communities through Sustainable Beekeeping for Forest Conservation and to strengthen Livelihood,14  November 2024 - 14 November 2025,Honey,Other / needs review,Honey,Forest-based,0,,1,5.0,199.0,12.0,"[{""org_id"": 47, ""org_name"": ""JALDEVI SAMUDAYIK BAN UPBHOKTA SAMUHA"", ""year_block"": ""2025"", ""area_direct_ha"": 5.0, ""area_contributed_ha"": 199.0, ""people_benefited"": 12.0}]",1,3087175.0,22961.339075000,0,,,1,3087175.0,22961.339075000,,"[{""org_id"": 47, ""org_name_raw"": ""JALDEVI SAMUDAYIK BAN UPBHOKTA SAMUHA"", ""sheet"": ""LoA"", ""site_code"": """", ""service_start"": ""2024-11-14"", ""service_end"": ""2025-11-13"", ""cur"": ""NPR"", ""cur_value"": 3087175.0, ""usd_value"": 22961.339075201}]"
48,48,Ratu Mahila Samuhik Ban U. Samuh (Ratu Mahila CFUG),Ratu Mahila Samuhik Ban U. Samuh (Ratu Mahila CFUG),True,85.9176880000000,27.0293920000000,POINT (85.9176877254585 27.0293921171693),"Bardibas Municipality-3, Mahottari, Madhesh Province, Nepal",LoA,Handicraft,forest_sector,Bardibas Municipality-3,Mahottari,Madhesh,38.0,200.0,383.53,"Empowering community led handicraft enterprise through capacity building, market linkages and sustainable forest management",17 December 2024 - 17 December 2025,Handicraft,Other / needs review,Handicraft,Forest-based,25,"[{""org_id"": 48, ""producer_group"": ""Ratu Mahila CFUG"", ""year_block"": ""2025"", ""women_count"": 25, ""product"": ""Bamboo Chair and Table""}]",1,41.0,383.53,38.0,"[{""org_id"": 48, ""org_name"": ""RATU MAHILA SAMUHIK BAN U.SAMUH"", ""year_block"": ""2025"", ""area_direct_ha"": 41.0, ""area_contributed_ha"": 383.53, ""people_benefited"": 38.0}]",1,3330120.0,24535.6085050000,0,,,1,3330120.0,24535.6085050000,,"[{""org_id"": 48, ""org_name_raw"": ""RATU MAHILA SAMUHIK BAN U.SAMUH"", ""sheet"": ""LoA"", ""site_code"": """", ""service_start"": ""2024-12-17"", ""service_end"": ""2025-12-16"", ""cur"": ""NPR"", ""cur_value"": 3330120.0, ""usd_value"": 24535.6085053701}]"
53,53,Shivnagar Samudayik Ban Upabhokta Samuha (Shiv Nagar CFUG),Shivnagar Samudayik Ban Upabhokta Samuha (Shiv Nagar CFUG),True,83.4648470000000,27.7087480000000,POINT (83.4648466068075 27.7087480570886),"Butwal Sub-Metropolitan City-7, 8, 9 and 11",LoA,Nursery,forest_sector,"Butwal Sub-Metropolitan City-7,8,9,11",Rupandehi,Lumbini,25.0,1979.0,472.0,Enhancing livelihood of the forest user groups through sustainable agroforestry Nursery management of Shivnagar Community Forest User Group,29 October 2024 - 29 October 2025,Nursery,Other / needs review,Nursery,Farm-based,0,,1,20.0,472.0,27.0,"[{""org_id"": 53, ""org_name"": ""SHIVNAGAR SAMUDAYIK BAN UPABHOKTA SAMUHA"", ""year_block"": ""2025"", ""area_direct_ha"": 20.0, ""area_contributed_ha"": 472.0, ""people_benefited"": 27.0}]",1,3160835.0,23509.1966590000,0,,,1,3160835.0,23509.1966590000,,"[{""org_id"": 53, ""org_name_raw"": ""SHIVNAGAR SAMUDAYIK BAN UPABHOKTA SAMUHA"", ""sheet"": ""LoA"", ""site_code"": """", ""service_start"": ""2024-10-29"", ""service_end"": ""2025-10-28"", ""cur"": ""NPR"", ""cur_value"": 3160835.0, ""usd_value"": 23509.1966590047}]"
54,54,Shankarnagar Samudayek Van Upabhokta Samuha (Shankarnagar CFUG),Shankarnagar Samudayek Van Upabhokta Samuha (Shankarnagar CFUG),True,83.4692730000000,27.6500750000000,POINT (83.4692734820054 27.6500750439929),"Tilottama Municipality-1, Rupandehi, Lumbini Province, Nepal",LoA,Nursery,forest_sector,Tilottama Municipality-1,Rupandehi,Lumbini,25.0,4092.0,584.6,Strengthen capacity of the agroforestry nursery applying sustainable management principles and practices: An initiative of Shankarnagar Community Forest User Group,18 November 2024 - 18 November 2025,Nursery,Other / needs review,Nursery,Farm-based,0,,1,3.0,584.6,30.0,"[{""org_id"": 54, ""org_name"": ""SHANKARNAGAR SAMUDAYEK VAN UPABHOKTA SAMUHA"", ""year_block"": ""2025"", ""area_direct_ha"": 3.0, ""area_contributed_ha"": 584.6, ""people_benefited"": 30.0}]",1,3170125.0,23483.9730060000,0,,,1,3170125.0,23483.9730060000,,"[{""org_id"": 54, ""org_name_raw"": ""SHANKARNAGAR SAMUDAYEK VAN UPABHOKTA SAMUHA"", ""sheet"": ""LoA"", ""site_code"": """", ""service_start"": ""2024-11-18"", ""service_end"": ""2025-11-17"", ""cur"": ""NPR"", ""cur_value"": 3170125.0, ""usd_value"": 23483.9730056081}]"
56,56,Mithila Jadibuti Sahakari Sanstha Ltd,Mithila Jadibuti Sahakari Sanstha Ltd,True,85.9508930000000,26.9509030000000,POINT (85.9508929032639 26.9509033232405),"Mithila Municipality-6, Dhalkebar, Madhesh Province, Nepal",DBG,Agroforestry products and pickle,cooperative,"Mithila Municipality-6, Dhalkebar",Dhanusha,Madhesh,30.0,505.0,,"Sustainable Production, Promotion, and Value Addition of Amala and Mango Plants.",17 December 2024 - 17 December 2025,Agroforestry products and pickle,Other / needs review,Amala,Integrated,0,,1,0,0,30.0,"[{""org_id"": 56, ""org_name"": ""MITHILA JADIBUTI SAHAKARI SANSTHA LTD"", ""year_block"": ""2025"", ""area_direct_ha"": 0.0, ""area_contributed_ha"": 0.0, ""people_benefited"": 30.0}]",0,,,1,3983805.0,29351.8191060000,1,3983805.0,29351.8191060000,DHALKEBAR (DBG),"[{""org_id"": 56, ""org_name_raw"": ""MITHILA JADIBUTI SAHAKARI SANSTHA LTD"", ""sheet"": ""DBG"", ""site_code"": ""DHALKEBAR (DBG)"", ""service_start"": ""2024-12-17"", ""service_end"": ""2025-12-16"", ""cur"": ""NPR"", ""cur_value"": 3983805.0, ""usd_value"": 29351.8191061391}]"
57,57,Sundardeep Mahila Machhapalan S.S.L,Sundardeep Mahila Machhapalan S.S.L,True,84.5746220000000,27.6198110000000,POINT (84.5746219550832 27.6198109339704),"Khairahani Municipality-7, Majhui, Chitwan, Bagmati Province,",DBG,Fisheries,cooperative,"Khairahani Municipality-7, Majhui",Chitwan,Bagmati,26.0,26.0,,Empowering Women through Sustainable Fish Farming and Value Chain Development in Chitwan,16 December 2024 - 16 December 2025,Fisheries,Other / needs review,Fish,Farm-based,26,"[{""org_id"": 57, ""producer_group"": ""Sundardeep Mahila Macchapalan SSL"", ""year_block"": ""2025"", ""women_count"": 26, ""product"": ""Dried fish""}]",1,652.0,652.0,26.0,"[{""org_id"": 57, ""org_name"": ""SUNDARDEEP MAHILA MACHHAPALAN S.S.L"", ""year_block"": ""2025"", ""area_direct_ha"": 652.0, ""area_contributed_ha"": 652.0, ""people_benefited"": 26.0}]",0,,,1,5116239.0,37695.3494540000,1,5116239.0,37695.3494540000,CHITWAN (DBG),"[{""org_id"": 57, ""org_name_raw"": ""SUNDARDEEP MAHILA MACHHAPALAN S.S.L"", ""sheet"": ""DBG"", ""site_code"": ""CHITWAN (DBG)"", ""service_start"": ""2024-12-16"", ""service_end"": ""2025-12-15"", ""cur"": ""NPR"", ""cur_value"": 5116239.0, ""usd_value"": 37695.3494540456}]"
61,61,Shree Chhotadanda Agriculture Cooperative,Shree Chhotadanda Agriculture Cooperative,False,,,,"Dhulikhel Municipality -09, Kavrepalanchok, Bagmati Province, Nepal",DBG,Nursery,cooperative,Dhulikhel Municipality-09,Kavrepalanchok,Bagmati,100.0,320.0,,"Establishing a nursery to support building resilient community, livelihoods and conserve biodiversity",17 December 2024 - 17 December 2025,Nursery,Other / needs review,Nursery,Farm-based,0,,1,19.0,115.0,320.0,"[{""org_id"": 61, ""org_name"": ""SHREE CHHOTADANDA AGRICULTURE COOPERATIVE"", ""year_block"": ""2025"", ""area_direct_ha"": 19.0, ""area_contributed_ha"": 115.0, ""people_benefited"": 320.0}]",0,,,1,4054100.0,29869.7375590000,1,4054100.0,29869.7375590000,KAVREPAL (DBG),"[{""org_id"": 61, ""org_name_raw"": ""SHREE CHHOTADANDA AGRICULTURE COOPERATIVE"", ""sheet"": ""DBG"", ""site_code"": ""KAVREPAL (DBG)"", ""service_start"": ""2024-12-17"", ""service_end"": ""2025-12-16"", ""cur"": ""NPR"", ""cur_value"": 4054100.0, ""usd_value"": 29869.7375594936}]"
63,63,Rajapani Community Forest User’s Group,Rajapani Community Forest User’s Group,True,83.1686350000000,27.6896060000000,POINT (83.1686351936515 27.6896058250228),"Banganga Municipality-3, Rajapani Kapilvastu, Lumbini Province, Nepal",DBG,Aquaculture Agroforestry,forest_sector,"Banganga Municipality-3, Rajapani",Kapilvastu,Lumbini,265.0,2604.0,452.94,Climate resilient and Inclusive Fisheries: Supporting communities to build sustainable livelihoods,4 December 2024 - 4 December 2025,Aquaculture Agroforestry,Other / needs review,Fish,Integrated,0,,1,55.0,452.94,265.0,"[{""org_id"": 63, ""org_name"": ""RAJAPANI COMMUNITY FOREST USERS GROUP"", ""year_block"": ""2025"", ""area_direct_ha"": 55.0, ""area_contributed_ha"": 452.94, ""people_benefited"": 265.0}]",0,,,1,6351101.0,47007.238600000,1,6351101.0,47007.238600000,KAPILVASTU DBG,"[{""org_id"": 63, ""org_name_raw"": ""RAJAPANI COMMUNITY FOREST USERS GROUP"", ""sheet"": ""DBG"", ""site_code"": ""KAPILVASTU DBG"", ""service_start"": ""2024-12-04"", ""service_end"": ""2025-12-03"", ""cur"": ""NPR"", ""cur_value"": 6351101.0, ""usd_value"": 47007.238599946}]"
64,64,Shree Mishreet Fish Farming Limited,Shree Mishreet Fish Farming Limited,True,84.0160450000000,27.6187400000000,POINT (84.0160450208367 27.6187398519187),"Madhyabindu Municipality-2, Sitapur, Nawalpur, Gandaki",DBG,Fisheries,cooperative,"Madhyabindu Municipality-2, Sitapur",Nawalpur,Gandaki,28.0,28.0,,Establishing Sustainable Fish Feed Production to Enhance Aquaculture in Nawalpur,17 December 2024 - 17 December 2025,Fisheries,Other / needs review,Fish,Farm-based,0,,1,91.0,91.0,28.0,"[{""org_id"": 64, ""org_name"": ""SHREE MISHREET FISH FARMING LIMITED"", ""year_block"": ""2025"", ""area_direct_ha"": 91.0, ""area_contributed_ha"": 91.0, ""people_benefited"": 28.0}]",0,,,1,5353845.0,39445.9794000000,1,5353845.0,39445.9794000000,NAWALPUR (DBG),"[{""org_id"": 64, ""org_name_raw"": ""SHREE MISHREET FISH FARMING LIMITED"", ""sheet"": ""DBG"", ""site_code"": ""NAWALPUR (DBG)"", ""service_start"": ""2024-12-17"", ""service_end"": ""2025-12-16"", ""cur"": ""NPR"", ""cur_value"": 5353845.0, ""usd_value"": 39445.9793996712}]"
68,68,Hanuman Krishi Sahakari Sanstha LTD,Hanuman Krishi Sahakari Sanstha LTD,False,,,,"Bhangaha Municipality-6, Mahottari, Nepal",DBG,Climate Smart Farming,cooperative,Bhangaha Municipality-6,Mahottari,Madhesh,460.0,4000.0,,Farmers Cooperatives Driving Climate-Smart Farming and Markets in Madhesh.,October 2025 - July 2026,Climate Smart Agriculture,Other / needs review,Agri products,Farm-based,0,,1,0,0,460.0,"[{""org_id"": 68, ""org_name"": ""Hanuman Krishi Sahakari Sanstha LTD"", ""year_block"": ""2025"", ""area_direct_ha"": null, ""area_contributed_ha"": null, ""people_benefited"": 460.0}]",0,,,1,3771960.0,26617.0825340000,1,3771960.0,26617.0825340000,DHANUSHA (DBG),"[{""org_id"": 68, ""org_name_raw"": ""HANUMAN KRISHI SAHAKARI SANSTHA LTD"", ""sheet"": ""DBG"", ""site_code"": ""DHANUSHA (DBG)"", ""service_start"": ""2025-10-10"", ""service_end"": ""2026-06-30"", ""cur"": ""NPR"", ""cur_value"": 3771960.0, ""usd_value"": 26617.0825335906}]"
69,69,Hatemalo Beekeeping Cooperative Ltd,Hatemalo Beekeeping Cooperative Ltd,False,,,,"Ratnanagar-15, Chitwan",DBG,Honey,cooperative,Ratnanagar Municipality-15,Chitwan,Bagmati,49.0,214.0,,Strengthening an Inclusive Chiuri Honey Value Chain through Sustainable Management and Restoration of Chiuri Forest Landscapes.,October 2025 - July 2026,Honey,Other / needs review,Honey,Forest-based,0,,1,0,0,49.0,"[{""org_id"": 69, ""org_name"": ""Hatemalo Beekeeping Cooperative Ltd"", ""year_block"": ""2025"", ""area_direct_ha"": null, ""area_contributed_ha"": null, ""people_benefited"": 49.0}]",0,,,1,8114290.0,57259.0182910000,1,8114290.0,57259.0182910000,CHITWAN (DBG),"[{""org_id"": 69, ""org_name_raw"": ""HATEMALO BEEKEEPING COOPERATIVE LTD"", ""sheet"": ""DBG"", ""site_code"": ""CHITWAN (DBG)"", ""service_start"": ""2025-10-10"", ""service_end"": ""2026-06-30"", ""cur"": ""NPR"", ""cur_value"": 8114290.0, ""usd_value"": 57259.0182906204}]"
71,71,"National Farmers Group Federation Nepal (of Shivashakti Krishi Sahakari, Jyoti Samajik Udhyami Mahila Sahakari, Digo Niji Banjanya Upaj Tatha Krishi Sahakari)","National Farmers Group Federation Nepal (of Shivashakti Krishi Sahakari, Jyoti Samajik Udhyami Mahila Sahakari, Digo Niji Banjanya Upaj Tatha Krishi Sahakari)",False,,,,Madesh and Bagmati,DBG,Safe Vegetable Production - PGS,,,,,,,,Strengthening Safe Agriculture Product Value Chain by Integration of the Participatory Guarantee System (PGS) led by Farmers’ Cooperatives.,October 2025 - July 2026,PGS,Other / needs review,PGS,Farm-based,1302,"[{""org_id"": 71, ""producer_group"": ""National Farmers Group Federation Nepal (Jyoti Samajik Udhyami Mahila Sahakari)"", ""year_block"": ""2026"", ""women_count"": 1302, ""product"": ""PGS""}]",1,0,0,1844.0,"[{""org_id"": 71, ""org_name"": ""National Farmers Group Federation Nepal (of Shivashakti Krishi Sahakari, Jyoti Samajik Udhyami Mahila Sahakari, Digo Niji Banjanya Upaj Tatha Krishi Sahakari)"", ""year_block"": ""2025"", ""area_direct_ha"": null, ""area_contributed_ha"": null, ""people_benefited"": 1844.0}]",0,,,0,,,0,,,,
73,38,Sakriya Mahila Krishi Sahakari Sanstha Limited (SMKSSL),Sakriya Mahila Krisi Sahakari Sanstha SA. LT,True,85.5080160000000,27.5935940000000,POINT (85.5080159217063 27.5935941972749),"Panauti Municipality-8, Kavrepalanchok, Bagmati Province, Nepal",DBG,Agriculture products value addition,cooperative,Panauti Municipality-8,Kavrepalanchok,Bagmati,155.0,155.0,,Scaling Up Sustainable and Market-Linked Vegetable Enterprises for Women Farmers.,October 2025 - July 2026,Agriculture products value addition,Other / needs review,Agri products,Farm-based,555,"[{""org_id"": 38, ""producer_group"": ""Sakriya Mahila Agriculture Cooperative"", ""year_block"": ""2019-2024"", ""women_count"": 400, ""product"": ""Safe farm basket of products""}, {""org_id"": 38, ""producer_group"": ""Sakriya Mahila Agriculture Cooperative"", ""year_block"": ""2026"", ""women_count"": 155, ""product"": ""Agriculture products value addition""}]",2,2.0,5.0,555.0,"[{""org_id"": 38, ""org_name"": ""Sakriye Mahila Sahakari Limited"", ""year_block"": ""2024"", ""area_direct_ha"": 2.0, ""area_contributed_ha"": 5.0, ""people_benefited"": 400.0}, {""org_id"": 38, ""org_name"": ""Sakriya Mahila Krisi Sahakari Sanstha SA. LT"", ""year_block"": ""2025"", ""area_direct_ha"": null, ""area_contributed_ha"": null, ""people_benefited"": 155.0}]",0,,,2,10232820.0,75137.6822350000,2,10232820.0,75137.6822350000,KAVREPLANC(DBG),"[{""org_id"": 38, ""org_name_raw"": ""SAKRIYA MAHILA KRISI SHAKARI SA LT"", ""sheet"": ""DBG"", ""site_code"": ""KAVREPLANC(DBG)"", ""service_start"": ""2023-12-24"", ""service_end"": ""2024-12-23"", ""cur"": ""NPR"", ""cur_value"": 5988500.0, ""usd_value"": 45080.887390001}, {""org_id"": 38, ""org_name_raw"": ""SAKRIYA MAHILA KRISI SHAKARI SA LT"", ""sheet"": ""DBG"", ""site_code"": ""KAVREPLANC(DBG)"", ""service_start"": ""2025-09-18"", ""service_end"": ""2026-06-30"", ""cur"": ""NPR"", ""cur_value"": 4244320.0, ""usd_value"": 30056.7948445575}]"
2,2,Aadhar Ekata  Mahila Samuha,Aadhar Ekata Mahila Krishak Samuha,True,85.5272950000000,27.5759480000000,POINT (85.5272947507264 27.5759480219402),"Khopasi-10, Panauti, Kavre",LoA,Pesticide free vegetables by women group - Production,farmers_group,Panauti Municipality-10,Kavrepalanchok,Bagmati,290.0,,28.0,Building entrepreneurial capacities of agroforestry women producers operating in forest and farm landscape.,Feb 2020- December 2020,Pesticide free vegetables by women group - Production,Agriculture / agroforestry,Vegetables,Farm-based,234,"[{""org_id"": 2, ""producer_group"": ""Aadhar Ekta Mahila Krishak Samuha"", ""year_block"": ""2025"", ""women_count"": 234, ""product"": ""Safe agriculture products.""}]",2,29.34,28.0,597.0,"[{""org_id"": 2, ""org_name"": ""Adhar Ekta Women Producer Group"", ""year_block"": ""2022 and 2023"", ""area_direct_ha"": 28.34, ""area_contributed_ha"": null, ""people_benefited"": 572.0}, {""org_id"": 2, ""org_name"": ""AADHAR EKTA MAHILA KRISHAK SAMUHA"", ""year_block"": ""2025"", ""area_direct_ha"": 1.0, ""area_contributed_ha"": 28.0, ""people_benefited"": 25.0}]",3,6998262.0,56135.0796830000,0,,,3,6998262.0,56135.0796830000,,"[{""org_id"": 2, ""org_name_raw"": ""ADHAR EKATA MAHILA SANTHA"", ""sheet"": ""LoA"", ""site_code"": """", ""service_start"": ""2020-02-14"", ""service_end"": ""2020-04-14"", ""cur"": ""NPR"", ""cur_value"": 2127000.0, ""usd_value"": 18657.8947368412}, {""org_id"": 2, ""org_name_raw"": ""ADHAR EKATA MAHILA SANTHA"", ""sheet"": ""LoA"", ""site_code"": """", ""service_start"": ""2021-12-16"", ""service_end"": ""2023-02-28"", ""cur"": ""NPR"", ""cur_value"": 1531412.0, ""usd_value"": 12757.5141619461}, {""org_id"": 2, ""org_name_raw"": ""AADHAR EKTA MAHILA KRISHAK SAMUHA"", ""sheet"": ""LoA"", ""site_code"": """", ""service_start"": ""2024-12-06"", ""service_end"": ""2025-12-05"", ""cur"": ""NPR"", ""cur_value"": 3339850.0, ""usd_value"": 24719.6707843301}]"
5,5,NFGF (National Farmer Group Federation),NFGF (National Farmer Group Federation),True,86.4777690000000,26.7140210000000,POINT (86.4777685254509 26.7140205357528),"Nayabazar-17, Kathmandu",LoA,Safe vegetable production,farmers_group,Kathmandu Metropolitan City,,Bagmati,,271000.0,,Climate resilience livelihood practices on forest farm landscape by small holder disadvantaged farmers specially women,Feb 2020- November 2020,Safe vegetable production,Agriculture / agroforestry,Vegetables,Farm-based,0,,2,33.0,6.0,578.0,"[{""org_id"": 5, ""org_name"": ""National Farmers Group Federation Nepal"", ""year_block"": ""2022 and 2023"", ""area_direct_ha"": 29.0, ""area_contributed_ha"": null, ""people_benefited"": 425.0}, {""org_id"": 5, ""org_name"": ""NFGF"", ""year_block"": ""2024"", ""area_direct_ha"": 4.0, ""area_contributed_ha"": 6.0, ""people_benefited"": 153.0}]",3,5658966.0,45829.3419080000,1,4347475.0,30678.2417860000,4,10006441.0,76507.583694000,KATHMANDU LOA,"[{""org_id"": 5, ""org_name_raw"": ""NATIONAL FARMERS GROUP FEDERATION NEPAL"", ""sheet"": ""LoA"", ""site_code"": """", ""service_start"": ""2020-02-14"", ""service_end"": ""2020-02-20"", ""cur"": ""NPR"", ""cur_value"": 1615600.0, ""usd_value"": 14171.9298245608}, {""org_id"": 5, ""org_name_raw"": ""NATIONAL FARMERS GROUP FEDERATION NEPAL"", ""sheet"": ""LoA"", ""site_code"": """", ""service_start"": ""2021-12-15"", ""service_end"": ""2023-02-28"", ""cur"": ""NPR"", ""cur_value"": 1599586.0, ""usd_value"": 13325.4415194936}, {""org_id"": 5, ""org_name_raw"": ""NATIONAL FARMERS GROUP FEDERATION NEPAL"", ""sheet"": ""LoA"", ""site_code"": """", ""service_start"": ""2023-12-06"", ""service_end"": ""2024-12-05"", ""cur"": ""NPR"", ""cur_value"": 2443780.0, ""usd_value"": 18331.9705641872}, {""org_id"": 5, ""org_name_raw"": ""NATIONAL FARMERS GROUP FEDERATION NEPAL"", ""sheet"": ""DBG"", ""site_code"": ""KATHMANDU LOA"", ""service_start"": ""2025-10-13"", ""service_end"": ""2026-06-30"", ""cur"": ""NPR"", ""cur_value"": 4347475.0, ""usd_value"": 30678.2417861594}]"
16,2,Aadhar Ekata  Mahila Samuha,Adhar Ekta Mahila Sanstha,True,85.5272950000000,27.5759480000000,POINT (85.5272947507264 27.5759480219402),"Khopasi-10, Panauti, Kavre",LoA,Pesticide free vegetables by women group - Production,farmers_group,Panauti Municipality-10,Kavrepalanchok,Bagmati,290.0,,28.0,Empowering women producers through product diversification and value addition,15 December 2021- 15 November 2022,Pesticide free vegetables by women group - Production,Agriculture / agroforestry,Vegetables,Farm-based,234,"[{""org_id"": 2, ""producer_group"": ""Aadhar Ekta Mahila Krishak Samuha"", ""year_block"": ""2025"", ""women_count"": 234, ""product"": ""Safe agriculture products.""}]",2,29.34,28.0,597.0,"[{""org_id"": 2, ""org_name"": ""Adhar Ekta Women Producer Group"", ""year_block"": ""2022 and 2023"", ""area_direct_ha"": 28.34, ""area_contributed_ha"": null, ""people_benefited"": 572.0}, {""org_id"": 2, ""org_name"": ""AADHAR EKTA MAHILA KRISHAK SAMUHA"", ""year_block"": ""2025"", ""area_direct_ha"": 1.0, ""area_contributed_ha"": 28.0, ""people_benefited"": 25.0}]",3,6998262.0,56135.0796830000,0,,,3,6998262.0,56135.0796830000,,"[{""org_id"": 2, ""org_name_raw"": ""ADHAR EKATA MAHILA SANTHA"", ""sheet"": ""LoA"", ""site_code"": """", ""service_start"": ""2020-02-14"", ""service_end"": ""2020-04-14"", ""cur"": ""NPR"", ""cur_value"": 2127000.0, ""usd_value"": 18657.8947368412}, {""org_id"": 2, ""org_name_raw"": ""ADHAR EKATA MAHILA SANTHA"", ""sheet"": ""LoA"", ""site_code"": """", ""service_start"": ""2021-12-16"", ""service_end"": ""2023-02-28"", ""cur"": ""NPR"", ""cur_value"": 1531412.0, ""usd_value"": 12757.5141619461}, {""org_id"": 2, ""org_name_raw"": ""AADHAR EKTA MAHILA KRISHAK SAMUHA"", ""sheet"": ""LoA"", ""site_code"": """", ""service_start"": ""2024-12-06"", ""service_end"": ""2025-12-05"", ""cur"": ""NPR"", ""cur_value"": 3339850.0, ""usd_value"": 24719.6707843301}]"
43,2,Aadhar Ekata  Mahila Samuha,Aadhar Ekta Mahila Krishak Samuha,True,85.5272950000000,27.5759480000000,POINT (85.5272947507264 27.5759480219402),"Khopasi-10, Panauti, Kavre",LoA,Pesticide free vegetables by women group - Production,farmers_group,Panauti Municipality-10,Kavrepalanchok,Bagmati,290.0,,28.0,Strengthening Women Farmers’ Resilience: Adoption of Climate-Smart Agriculture and Participatory Guarantee System for Sustainable Farming,6 December 2024 - 6 December 2025,Organic (Safe) Vegetables,Agriculture / agroforestry,Vegetables,Farm-based,234,"[{""org_id"": 2, ""producer_group"": ""Aadhar Ekta Mahila Krishak Samuha"", ""year_block"": ""2025"", ""women_count"": 234, ""product"": ""Safe agriculture products.""}]",2,29.34,28.0,597.0,"[{""org_id"": 2, ""org_name"": ""Adhar Ekta Women Producer Group"", ""year_block"": ""2022 and 2023"", ""area_direct_ha"": 28.34, ""area_contributed_ha"": null, ""people_benefited"": 572.0}, {""org_id"": 2, ""org_name"": ""AADHAR EKTA MAHILA KRISHAK SAMUHA"", ""year_block"": ""2025"", ""area_direct_ha"": 1.0, ""area_contributed_ha"": 28.0, ""people_benefited"": 25.0}]",3,6998262.0,56135.0796830000,0,,,3,6998262.0,56135.0796830000,,"[{""org_id"": 2, ""org_name_raw"": ""ADHAR EKATA MAHILA SANTHA"", ""sheet"": ""LoA"", ""site_code"": """", ""service_start"": ""2020-02-14"", ""service_end"": ""2020-04-14"", ""cur"": ""NPR"", ""cur_value"": 2127000.0, ""usd_value"": 18657.8947368412}, {""org_id"": 2, ""org_name_raw"": ""ADHAR EKATA MAHILA SANTHA"", ""sheet"": ""LoA"", ""site_code"": """", ""service_start"": ""2021-12-16"", ""service_end"": ""2023-02-28"", ""cur"": ""NPR"", ""cur_value"": 1531412.0, ""usd_value"": 12757.5141619461}, {""org_id"": 2, ""org_name_raw"": ""AADHAR EKTA MAHILA KRISHAK SAMUHA"", ""sheet"": ""LoA"", ""site_code"": """", ""service_start"": ""2024-12-06"", ""service_end"": ""2025-12-05"", ""cur"": ""NPR"", ""cur_value"": 3339850.0, ""usd_value"": 24719.6707843301}]"
58,58,Coffee Sahakari Sangh Ltd.,Cofee Sahakari Sangh Ltd.,True,85.7340650000000,27.7152810000000,POINT (85.7340652543108 27.7152806345987),"Chautara Sangachok Gadi Municipality – 10, Sindhupalchok,",DBG,Csoffee and vegetables,cooperative,Chautara Sangachok Gadi Municipality-10,Sindhupalchok,Bagmati,447.0,743.0,,Empowering Smallholder Coffee Producer Cooperatives through Inclusive Value Chain and Resilient Agroforestry,4 December 2024 - 4 December 2025,Coffee and vegetables,Agriculture / agroforestry,Vegetables,Integrated,227,"[{""org_id"": 58, ""producer_group"": ""Coffee Cooperative Union Ltd"", ""year_block"": ""2025"", ""women_count"": 227, ""product"": ""Value added (roasted) coffee beans""}]",1,30.0,124.0,447.0,"[{""org_id"": 58, ""org_name"": ""COFEE SAHAKARI SANGH LTD"", ""year_block"": ""2025"", ""area_direct_ha"": 30.0, ""area_contributed_ha"": 124.0, ""people_benefited"": 447.0}]",0,,,1,6526585.0,48306.0713940000,1,6526585.0,48306.0713940000,SINDUPALCH DBG,"[{""org_id"": 58, ""org_name_raw"": ""COFEE SAHAKARI SANGH LTD"", ""sheet"": ""DBG"", ""site_code"": ""SINDUPALCH DBG"", ""service_start"": ""2024-12-04"", ""service_end"": ""2025-12-03"", ""cur"": ""NPR"", ""cur_value"": 6526585.0, ""usd_value"": 48306.0713942084}]"
,A1,Setidevi Dairy Cooperative Ltd (member of CDCAN),,False,,,,,,,cooperative,Dhulikhel Municipality-2,Kavrepalanchok,Bagmati,1051.0,1051.0,,,,Dairy,Livestock,Dairy,Integrated,,,0,,,,,0,,,0,,,0,,,,
,A2,Deurali Dairy Cooperative Ltd (member of CDCAN),,False,,,,,,,cooperative,Dhulikhel Municipality-2,Kavrepalanchok,Bagmati,389.0,389.0,,,,Dairy,Livestock,Dairy,Integrated,,,0,,,,,0,,,0,,,0,,,,
,A3,Milan Women Farmer's Group (under NFGF),,False,,,,,,,farmers_group,"Mandandeupur Municipality 06, Kavre",,Bagmati,27.0,27.0,,,,Vegetables,Agriculture / agroforestry,Vegetables,Farm-based,,,0,,,,,0,,,0,,,0,,,,
,A4,Sirjanshil Women Farmer Group (under NFGF),,False,,,,,,,farmers_group,"Indrawati RM- 10, Sindhupalchok",,Bagmati,25.0,25.0,143.0,,,Vegetables,Agriculture / agroforestry,Vegetables,Farm-based,,,0,,,,,0,,,0,,,0,,,,
,A5,"Chabeli Farmer Group, Makawanpur (under NFGF)",,False,,,,,,,farmers_group,"Bhimfedi RM-5, Makwanpur",,Bagmati,28.0,28.0,,,,Vegetables,Agriculture / agroforestry,Vegetables,Farm-based,,,0,,,,,0,,,0,,,0,,,,
,A6,Gangamala Farmer's Group (under NFGF),,False,,,,,,,farmers_group,"Bijayanagar RM- 3, Kapilvastu",,Lumbini,32.0,32.0,153.0,,,Agri products,Agriculture / agroforestry,Agri products,Farm-based,,,0,,,,,0,,,0,,,0,,,,
